imdbid,role,talentid
0179098,actor,0350453
0765010,actor,0350453
0473075,actor,0350453
0377107,actor,0350453
0388795,actor,0350453
2872718,actor,0350453
0418763,actor,0350453
0945513,actor,0350453
0758752,actor,0350453
0804522,actor,0350453
1855199,actor,0350453
0443706,actor,0350453
0279113,actor,0350453
0132477,actor,0350453
1392214,actor,0350453
0246578,actor,0350453
0258470,actor,0350453
0319262,actor,0350453
1263670,actor,0350454
1870529,actor,0350454
0274812,actor,0350454
1415283,actor,0350454
0304415,actor,0350454
0361693,actor,0350454
2334879,actor,0350454
0246578,actor,0350454
0468569,actor,0350454
0423169,actor,0350454
0246544,actor,0001653
0172396,actor,0001653
1496025,actor,0001653
0444682,actor,0001653
0295254,actor,0001653
0434409,actor,0001653
0160338,actor,0001653
0758786,actor,0001653
0278731,actor,0001655
0120684,actor,0001655
0384686,actor,0001655
0207524,actor,0001655
0293832,actor,0001655
0316396,actor,0001655
0282120,actor,0001655
0118556,actor,0822972
0345061,actor,0608090
0181689,actor,0608090
0158371,actor,0608090
0431213,actor,0608090
0401729,actor,0608090
0144178,actor,0608090
0475984,actor,0608090
0790712,actor,0608090
1464191,actor,0608090
0383028,actor,0608090
1535109,actor,5831542
1747958,actor,0654110
0206634,actor,0654110
0349683,actor,0654110
1448755,actor,0654110
0401792,actor,0654110
1634121,actor,0654110
1529572,actor,0654110
0376541,actor,0654110
0398017,actor,0654110
0294357,actor,0654110
0414055,actor,0654110
0203540,actor,0654110
1135487,actor,0654110
0454848,actor,0654110
0465602,actor,0654110
0963178,actor,0654110
0258463,actor,0654110
0278504,actor,0005476
0298814,actor,0005476
2398231,actor,0005476
0431308,actor,0005476
0171804,actor,0005476
1244754,actor,0005476
0463998,actor,0005476
1129445,actor,0005476
0387877,actor,0005476
0444682,actor,0005476
0405159,actor,0005476
0116531,actor,0001484
1194417,actor,0001484
0147612,actor,0001484
0437863,actor,0001484
1800241,actor,0177896
0817230,actor,0177896
1119646,actor,0177896
1840417,actor,0177896
0808399,actor,0177896
2097307,actor,0177896
1045658,actor,0177896
0429493,actor,0177896
0805570,actor,0177896
1219289,actor,0177896
1068680,actor,0177896
2015381,actor,0177896
0795351,actor,0177896
2179136,actor,0177896
1817273,actor,0177896
0881891,actor,0177896
1951261,actor,0177896
0427229,actor,0177896
1411697,actor,0177896
1179056,actor,1913734
1285016,actor,1913734
1151410,actor,1913734
2053463,actor,1913734
1568346,actor,1913734
0816692,actor,0000995
0114296,actor,0000995
0279778,actor,0000995
1034324,actor,0000995
0847897,actor,0000995
0138946,actor,0000995
0180093,actor,0000995
0451221,actor,0000995
0113347,actor,0000995
0974662,actor,0000995
1150947,actor,0000995
0450345,actor,0000995
1365483,actor,0000995
0145734,actor,0000995
0117718,actor,0000995
0414993,actor,0000995
1719071,actor,0000995
0115610,actor,0000446
0882969,actor,0000446
2267998,actor,0683253
0488120,actor,0683253
1634122,actor,0683253
1646987,actor,0683253
1626146,actor,0683253
0419706,actor,0683253
0790724,actor,0683253
0414387,actor,0683253
0986263,actor,0683253
0246460,actor,0683253
0116313,actor,0000443
0280460,actor,0000443
0141907,actor,0000443
0116242,actor,0000443
0129280,actor,0000443
1454029,actor,1297015
0481499,actor,1297015
1570728,actor,1297015
0948470,actor,1297015
1282140,actor,1297015
1156398,actor,1297015
2870756,actor,1297015
1333125,actor,1297015
1392197,actor,1297015
1872181,actor,1297015
0821640,actor,1297015
0852713,actor,1297015
1031969,actor,1297015
1321870,actor,1297015
1412386,actor,0929489
0120812,actor,0929489
1320239,actor,0929489
0990407,actor,0929489
1135487,actor,0929489
1210819,actor,0929489
0465538,actor,0929489
0116409,actor,0929489
0138097,actor,0929489
0119164,actor,0929489
0985699,actor,0929489
0404032,actor,0929489
0247425,actor,0929489
0265087,actor,0929489
1226753,actor,0929489
0968264,actor,0929489
1032755,actor,0929489
0338013,actor,0929489
0114388,actor,0929489
0415856,actor,0001453
0113211,actor,0001453
1403177,actor,0001453
0112744,actor,0001453
1412386,actor,0001132
0278500,actor,0001132
0830515,actor,0001132
2431286,actor,0001132
0381061,actor,0001132
0241303,actor,0001132
0120824,actor,0001132
0413015,actor,0001132
0120857,actor,0001132
1074638,actor,0001132
0296572,actor,0001132
0280778,actor,0001132
0299172,actor,0001132
0465551,actor,0001132
0763304,actor,0001132
0221218,actor,0001136
0882969,actor,0001136
1821549,actor,0001136
0469263,actor,0001136
0171363,actor,0001136
0340855,actor,0001136
0116130,actor,0001136
0116830,actor,0001136
0398027,actor,0001136
0119223,actor,0000843
0125022,actor,0000843
0113321,actor,0000843
0119173,actor,0000843
0120587,actor,0000843
0361500,actor,0000843
0118901,actor,0000843
0113347,actor,0000843
0171433,actor,0000843
1045658,actor,0915865
1454029,actor,1567113
0816692,actor,1567113
2023587,actor,1567113
0478304,actor,1567113
1790885,actor,1567113
1212450,actor,1567113
1675192,actor,1567113
1139282,actor,1567113
2937898,actor,1567113
1723811,actor,1055413
1506999,actor,1055413
1075747,actor,1055413
1270798,actor,1055413
1229822,actor,1055413
1446714,actor,1055413
0361748,actor,1055413
1877832,actor,1055413
2193215,actor,1055413
2024544,actor,1055413
1074638,actor,0000849
0497465,actor,0000849
2193215,actor,0000849
0477348,actor,0000849
0879870,actor,0000849
0484740,actor,0000849
0455957,actor,0000849
0800308,actor,0000438
0116260,actor,0000438
0113501,actor,0000438
0118548,actor,0000438
1839642,actor,0000438
0183659,actor,0000438
1980209,actor,0000438
2980706,actor,0000438
0274558,actor,0000438
0113987,actor,0000438
0399146,actor,0000438
0268978,actor,0000438
2224004,actor,0000438
0308383,actor,0000438
1922685,actor,0000438
1454468,actor,0000438
0252299,actor,0000438
2510028,actor,0000438
0117500,actor,0000438
1023114,actor,0000438
1251743,actor,0000438
0112384,actor,0000438
0215750,actor,0000438
1706620,actor,0000438
0452623,actor,0000438
0316465,actor,0000438
0424908,actor,0000438
0120382,actor,0000438
0120686,actor,0000438
2199571,actor,0000438
0380817,actor,0000438
0112740,actor,0000432
0120660,actor,0000432
0191397,actor,0000432
0115685,actor,0000432
0313542,actor,0000432
0120587,actor,0000432
0113161,actor,0000432
0361925,actor,0000432
0164212,actor,0000432
0119594,actor,0000432
0125022,actor,0000432
0118548,actor,0000432
0114214,actor,0000432
0265666,actor,0000432
0159273,actor,0000432
0115862,actor,0000432
0116259,actor,0000432
0252503,actor,0000432
0800241,actor,0000437
0427998,actor,0000437
1156398,actor,0000437
0477348,actor,0000437
0790712,actor,0000437
1951265,actor,0000437
0839980,actor,0000437
1640548,actor,0000437
0406158,actor,0000437
0420087,actor,0000437
0196857,actor,0000437
0116778,actor,0000437
0976247,actor,0000437
1303828,actor,0000437
0783608,actor,0000437
0113845,actor,0000437
1931533,actor,0000437
1206543,actor,0000437
0131369,actor,0000437
0814314,actor,0000437
0850253,actor,0000437
1670345,actor,0000437
0120490,actor,0000437
0367479,actor,0000437
1621039,actor,0000437
0117318,actor,0000437
0305669,actor,0687506
0115433,actor,0687506
0117102,actor,0687506
0120857,actor,0687506
0327919,actor,0687506
1772288,actor,0000199
0379889,actor,0000199
1535612,actor,0000199
0119008,actor,0000199
0292506,actor,0000199
0417217,actor,0000199
0115907,actor,0000199
0810913,actor,0000199
0258153,actor,0000199
0146838,actor,0000199
1389096,actor,0000199
0113277,actor,0000199
0278504,actor,0000199
0140352,actor,0000199
0118971,actor,0000199
0411061,actor,0000199
1034331,actor,0000199
0118583,actor,0000213
0172493,actor,0000213
0115988,actor,0000213
0811106,actor,0000213
0280590,actor,0000213
0405296,actor,0000213
2312718,actor,0000213
1142977,actor,0000213
0258153,actor,0000213
0113347,actor,0000213
1578275,actor,0000213
0947798,actor,0000213
0174480,actor,0000213
0160484,actor,0000213
1491044,actor,0000213
0117002,actor,0000210
0119738,actor,0000210
0817230,actor,0000210
0125439,actor,0000210
0879870,actor,0000210
0413895,actor,0000210
0429589,actor,0000210
0163187,actor,0000210
0961108,actor,0000210
0304415,actor,0000210
0114496,actor,0000210
0195685,actor,0000210
1322269,actor,0000210
0290212,actor,0000210
0118883,actor,0000210
1135487,actor,0000210
0472062,actor,0000210
0349903,actor,0000210
0240772,actor,0000210
0376541,actor,0000210
1667353,actor,0000210
0116242,actor,0000210
0117039,actor,0000210
0236493,actor,0000210
0120686,actor,0000210
0265029,actor,0000210
1583420,actor,0000210
1409024,actor,0000668
2140373,actor,0000668
0420223,actor,0000668
1415283,actor,0000668
0114388,actor,0000668
1217209,actor,0000668
0396752,actor,0000668
1559547,actor,0000668
0119942,actor,0000668
0133240,actor,0000668
0112715,actor,0381416
0149691,actor,0000215
0112818,actor,0000215
0478134,actor,0000215
0380510,actor,0000215
0419984,actor,0000215
0280460,actor,0000215
1990314,actor,0000215
0811080,actor,0000215
0882977,actor,0000215
0119594,actor,0000215
0120686,actor,0000215
1764183,actor,0000215
0375173,actor,0000215
1294213,actor,0000215
0179098,actor,0000215
0368222,actor,0000215
0368709,actor,0000215
1588334,actor,0000215
2103254,actor,0000215
0280760,actor,0000215
0358135,actor,0000215
0461770,actor,0000215
1226232,actor,0000215
0918927,actor,0000450
0134119,actor,0000450
0285861,actor,0000450
0307901,actor,0000450
0292963,actor,0000450
1560747,actor,0000450
0343135,actor,0000450
0383028,actor,0000450
1124035,actor,0000450
1972571,actor,0000450
0147612,actor,0000450
1596753,actor,0000450
0472062,actor,0000450
0272338,actor,0000450
1210166,actor,0000450
0775529,actor,0000450
0129290,actor,0000450
1278379,actor,0000450
0317919,actor,0000450
0155711,actor,0000450
0379725,actor,0000450
0117998,actor,0000450
1668200,actor,0000218
0808244,actor,0000218
0116209,actor,0000218
1266029,actor,0000218
0264796,actor,0000218
1315962,actor,0000218
0119314,actor,0000218
0280707,actor,0000218
0156934,actor,0000218
0783608,actor,0000218
1602613,actor,0000218
0808339,actor,0000218
0305224,actor,0000197
0116996,actor,0000197
0115710,actor,0000197
0119822,actor,0000197
0257360,actor,0000197
1341188,actor,0000197
0407887,actor,0000197
0112744,actor,0000197
0237572,actor,0000197
0337741,actor,0000197
0825232,actor,0000197
1935179,actor,0000190
0816692,actor,0000190
0117913,actor,0000190
0976247,actor,0000190
0251127,actor,0000190
0253556,actor,0000190
0120769,actor,0000190
0821640,actor,0000190
0118884,actor,0000190
1704573,actor,0000190
0318649,actor,0000190
0264616,actor,0000190
0209475,actor,0000190
0993846,actor,0000190
0758794,actor,0000190
0790636,actor,0000190
0770752,actor,0000190
0118607,actor,0000190
0116823,actor,0000190
0268690,actor,0000190
0417217,actor,0000190
0112571,actor,0000190
0427229,actor,0000190
1496422,actor,0000190
0141926,actor,0000190
1189340,actor,0000190
1726669,actor,0000190
1915581,actor,0000190
0131369,actor,0000190
0355954,actor,0001347
0120618,actor,0001347
1523939,actor,0001347
0947798,actor,0001347
2226417,actor,0001347
0274812,actor,0000690
0165854,actor,0000690
2387433,actor,0799777
0486640,actor,0799777
2582802,actor,0799777
0335245,actor,0799777
1225822,actor,0799777
2355495,actor,0799777
0413300,actor,0799777
0236493,actor,0799777
1613062,actor,0799777
1095174,actor,0799777
0338751,actor,0000285
0357054,actor,0000285
0425253,actor,0000285
0283503,actor,0000285
0239395,actor,0000285
0318374,actor,0000285
1046163,actor,0000285
0120749,actor,0000285
0173840,actor,0000285
0116731,actor,0000285
0343135,actor,0000285
3316960,actor,0000285
0116508,actor,0000285
1078588,actor,0000285
0312528,actor,0000285
0343737,actor,0000285
0125971,actor,0000285
1230414,actor,0000285
0439289,actor,0000285
0369441,actor,0000285
0116410,actor,0000285
0205461,actor,0000285
0363780,actor,0000285
2334873,actor,0000285
1446192,actor,0000285
0368709,actor,0000285
2053425,actor,0182839
1747958,actor,0182839
2737050,actor,0182839
0875034,actor,0182839
1951181,actor,0182839
0844286,actor,0004778
0838221,actor,0004778
0216799,actor,0004778
1424381,actor,0004778
0360717,actor,0004778
0427969,actor,0004778
0253474,actor,0004778
1017460,actor,0004778
1247667,actor,0004778
0127288,actor,0004778
0162677,actor,0004778
0366627,actor,0004778
0119502,actor,0004778
0368447,actor,0004778
2278388,actor,0004778
0368933,actor,0000267
0298148,actor,0000267
0808510,actor,0000267
0892791,actor,0000267
1323594,actor,0000267
0413267,actor,0000267
0247638,actor,0000267
0208874,actor,0000260
0452608,actor,0000260
0365885,actor,0000260
0119094,actor,0000260
0372183,actor,0000260
0119349,actor,0000260
0113987,actor,0000260
0440963,actor,0000260
0115988,actor,0000260
0120789,actor,0000260
0865554,actor,0000107
1661382,actor,0000107
0337921,actor,0000107
0443632,actor,0000107
0163983,actor,0000107
0167203,actor,0000107
1438254,actor,0000107
0348593,actor,0000107
0298203,actor,0000107
0119488,actor,0000107
0844286,actor,0452860
1663662,actor,0452860
0421054,actor,0594898
0490196,actor,0594898
0929632,actor,0594898
0275022,actor,0000101
0118747,actor,0000101
0117608,actor,0000101
2103254,actor,0000101
0114694,actor,0000101
0119229,actor,0000101
0884224,actor,0000101
2473602,actor,0000101
0120587,actor,0000101
0388419,actor,0000101
0200720,actor,0000101
0117119,actor,0000101
0762107,actor,0000101
1302067,actor,0000101
0884726,actor,0000101
0160401,actor,0001804
0846308,actor,0001804
0458352,actor,0001804
0115678,actor,0001804
0380510,actor,0001804
0358135,actor,0001804
2109248,actor,0001804
0113500,actor,0001804
0246464,actor,0001804
1392170,actor,0001804
0486674,actor,0001804
0362227,actor,0001804
0358082,actor,0001804
1615147,actor,0001804
1135503,actor,0001804
0482603,actor,0001804
0252076,actor,0001804
1351685,actor,0001804
0140379,actor,0001804
1655442,actor,0241121
0289848,actor,0001550
0170452,actor,0001550
0112642,actor,0001550
0120683,actor,0001550
0142201,actor,0001550
2333804,actor,0910607
1853728,actor,0910607
1126590,actor,0910607
0990407,actor,0910607
0361748,actor,0910607
1067583,actor,0910607
0477347,actor,0001682
0134630,actor,0316079
0119951,actor,0316079
0429589,actor,0316079
0443543,actor,0316079
0375063,actor,0316079
0486583,actor,0316079
2345112,actor,0316079
1480656,actor,0316079
0824758,actor,0316079
1124035,actor,0316079
0133152,actor,0316079
0489237,actor,0316079
1135487,actor,0316079
0265298,actor,0316079
0208003,actor,0316079
1127877,actor,0316079
1860353,actor,0316079
0452637,actor,0316079
0465602,actor,0316079
0352248,actor,0316079
0338337,actor,0316079
0213446,actor,0001689
1127896,actor,0001767
0463998,actor,0001767
0383694,actor,0001767
1587310,actor,0001767
1430626,actor,0001767
1821549,actor,0820053
0257360,actor,0820053
0134273,actor,0001618
0368447,actor,0001618
0831884,actor,0001618
1791528,actor,0001618
1356864,actor,0001618
0180073,actor,0001618
0273689,actor,0001618
1951181,actor,0001618
0252299,actor,0001618
0138946,actor,0001618
0349710,actor,0001618
0286106,actor,0001618
0114681,actor,0001618
0395169,actor,0001618
0498399,actor,0001618
0358273,actor,0001618
0124595,actor,0001618
0118863,actor,0001618
1798709,actor,0001618
0328880,actor,0001618
0172495,actor,0001618
1560747,actor,0001618
1103275,actor,0001618
0256276,actor,0000569
1103275,actor,0000569
0371746,actor,0000569
1228705,actor,0000569
0134630,actor,0000569
3045616,actor,0000569
0256380,actor,0000569
0116191,actor,0000569
1300854,actor,0000569
0119256,actor,0000569
0120148,actor,0000569
0186894,actor,0000569
1598778,actor,0000569
0484111,actor,0000569
0420609,actor,0000569
0264150,actor,0000569
0113463,actor,0000569
0377107,actor,0000569
0120787,actor,0000569
0138097,actor,0000569
0134119,actor,0000569
0265666,actor,0000569
0117283,actor,0000569
0118744,actor,0000569
0119223,actor,0000569
1555064,actor,0000569
0325055,actor,0000569
0346156,actor,0000569
0114369,actor,0000569
0412080,actor,0002663
0119095,actor,0000564
0431213,actor,0000564
0489327,actor,0000564
0273517,actor,0000565
0329717,actor,0000565
0402894,actor,0000565
0142688,actor,0000565
0211933,actor,0000565
1321870,actor,0331516
0264935,actor,0331516
1175709,actor,0331516
0371257,actor,0331516
1570728,actor,0331516
0247199,actor,0331516
0780504,actor,0331516
1602613,actor,0331516
0805564,actor,0331516
1124035,actor,0331516
1817273,actor,0331516
0488120,actor,0331516
0118564,actor,0000560
0286716,actor,0000560
0120399,actor,0000560
0200669,actor,0000560
0120863,actor,0000560
0416236,actor,0000560
0117093,actor,0000560
0438315,actor,0000560
0113463,actor,0000560
0174204,actor,0000560
0120618,actor,0000560
1287468,actor,0000560
0322659,actor,0000560
0162711,actor,0000560
0281820,actor,0000560
0117107,actor,0000560
0273108,actor,0000560
1291584,actor,0000560
1922777,actor,0000160
0120769,actor,0000160
2184339,actor,0000160
2167202,actor,0000160
2209418,actor,0000160
0139654,actor,0000160
0433362,actor,0000160
0398712,actor,0000160
1065073,actor,0000160
0112471,actor,0000160
0171359,actor,0000160
0364045,actor,0000160
0271020,actor,0000160
0381681,actor,0000160
0399295,actor,0000160
0120834,actor,0000160
0292963,actor,0000160
0119177,actor,0000160
0119223,actor,0000160
1210042,actor,0000160
0119859,actor,0172604
1441951,actor,0172604
1602098,actor,0172604
1182350,actor,0172604
0119558,actor,0001449
0870111,actor,0001449
0142688,actor,0001449
1175709,actor,0001449
1990314,actor,0001449
0116168,actor,0001449
0112760,actor,0001449
0362478,actor,0001449
0120866,actor,0000164
0346491,actor,0000164
1182350,actor,0000164
0377107,actor,0000164
1161864,actor,0000164
0975645,actor,0000164
1959490,actor,0000164
0120746,actor,0000164
0252501,actor,0000164
0118607,actor,0000164
0128278,actor,0000164
0412080,actor,0000164
1981115,actor,0000164
0442933,actor,0000164
0280486,actor,0000164
1821694,actor,0000164
0780653,actor,0000164
0308055,actor,0000164
0119643,actor,0000164
0800369,actor,0000164
0308383,actor,0000164
0488120,actor,0000164
0212985,actor,0000164
0405676,actor,0000164
0289765,actor,0000164
0117791,actor,0000164
0113987,actor,0000164
0443489,actor,0004937
0165831,actor,0004937
0211938,actor,0004937
0431197,actor,0004937
1231583,actor,0004937
1872181,actor,0004937
0146838,actor,0004937
0117979,actor,0004937
0350258,actor,0004937
0821642,actor,0004937
0430357,actor,0004937
0817230,actor,0004937
0248667,actor,0004937
0382992,actor,0004937
1853728,actor,0004937
1197624,actor,0004937
0418763,actor,0004937
2334879,actor,0004937
0349169,actor,0004937
0369339,actor,0004937
1823664,actor,0004937
0118750,actor,0004937
0308644,actor,0001046
0116477,actor,0001046
0491747,actor,0001046
0144814,actor,0001388
1185836,actor,0001388
0382077,actor,0001388
0113097,actor,0000700
1084950,actor,0000700
0316465,actor,0000700
0120338,actor,0000701
2908446,actor,0000701
1967545,actor,0000701
1840309,actor,0000701
0457939,actor,0000701
0308644,actor,0000701
0114388,actor,0000701
0116722,actor,0000701
0338013,actor,0000701
0180073,actor,0000701
0280778,actor,0000701
0404203,actor,0000701
0368222,actor,0000701
0289992,actor,0000701
0976051,actor,0000701
0405676,actor,0000701
0424095,actor,0000701
0136244,actor,0000701
0113538,actor,0000701
1598778,actor,0000701
0959337,actor,0000701
1341188,actor,0000702
0425123,actor,0000702
0804522,actor,0000702
0472160,actor,0000702
0241025,actor,0000702
2652092,actor,0000702
0116361,actor,0000702
0120789,actor,0000702
0139134,actor,0000702
0133412,actor,0000702
0358273,actor,0000702
0126886,actor,0000702
1935179,actor,0000702
0116287,actor,0000702
0278500,actor,0000702
1596350,actor,0000702
0256415,actor,0000702
1067583,actor,0000702
0892782,actor,0000702
0250494,actor,0000702
0119594,actor,0000702
0333780,actor,0000702
0369436,actor,0000702
0423294,actor,0000313
1263670,actor,0000313
0272152,actor,0000313
0410764,actor,0000313
0164108,actor,0000313
0114938,actor,0000313
0117057,actor,0000313
0430634,actor,0000313
0371746,actor,0000313
1121096,actor,0000313
0329575,actor,0000313
0174204,actor,0000313
0137363,actor,0000313
1104001,actor,0000313
0435651,actor,0000313
1234548,actor,0000313
0118158,actor,0000313
0348593,actor,0000313
0208874,actor,0000313
0790736,actor,0000313
1403865,actor,0000313
0118715,actor,0000313
0831387,actor,0913822
0372784,actor,0913822
1375666,actor,0913822
0325710,actor,0913822
0397535,actor,0913822
0498380,actor,0913822
0120773,actor,0000493
0119848,actor,0000493
0113228,actor,0000493
0117119,actor,0000493
1205558,actor,0000496
0123209,actor,0000496
0116240,actor,0000496
0331468,actor,0000496
0114558,actor,0000496
0395495,actor,0000496
0116367,actor,0000496
0278435,actor,0000496
1231583,actor,0000496
0202677,actor,0000496
0889573,actor,0000496
0205271,actor,0000368
0234354,actor,0000368
0756729,actor,0000368
0460829,actor,0000368
0361309,actor,0000368
2582846,actor,0000368
0115906,actor,0000368
0406158,actor,0000368
0132477,actor,0000368
2247476,actor,0000368
0116324,actor,0001546
0164085,actor,0001512
1609479,actor,0000404
1371150,actor,0000404
0369735,actor,0000404
0791304,actor,0000404
0283832,actor,0000366
1815799,actor,0000366
0246544,actor,0000366
0168629,actor,0000366
0808417,actor,0000366
0115725,actor,0000367
0190861,actor,0000367
0164003,actor,0000367
0386669,actor,0000367
0310778,actor,0000367
0254199,actor,0000367
0117582,actor,0000367
0120744,actor,0000367
0211181,actor,0000367
0185014,actor,0000140
1183251,actor,0000140
1506999,actor,0000140
0181865,actor,0000140
0821640,actor,0000140
1204975,actor,0000140
0314786,actor,0000140
0119174,actor,0000140
0203755,actor,0000140
1027718,actor,0000140
0388182,actor,0000140
0463034,actor,0000140
0116409,actor,0000140
2465146,actor,0000140
1294213,actor,0000140
0120787,actor,0000140
0260866,actor,0000140
0112346,actor,0000140
0443632,actor,0000140
0864761,actor,0000146
0387131,actor,0000146
0278731,actor,0000146
1201607,actor,0000146
0118661,actor,0000146
2278388,actor,0000146
0384686,actor,0000146
0330373,actor,0000146
0887912,actor,0000146
0119079,actor,0000146
0289765,actor,0000146
0312004,actor,0000146
0172396,actor,0000146
1646987,actor,0000146
0116209,actor,0000146
0114558,actor,0000146
0433405,actor,0000146
1074638,actor,0000146
1415283,actor,0000146
0120794,actor,0000146
0800320,actor,0000146
0373889,actor,0000146
0976051,actor,0000146
0252076,actor,0000146
0286788,actor,0000147
0808244,actor,0000147
0396752,actor,0000147
0829098,actor,0000147
0317198,actor,0000147
1315981,actor,0000147
2802144,actor,0000147
1504320,actor,0000147
0795421,actor,0000147
1365483,actor,0000147
1067106,actor,0000147
0462396,actor,0000147
0278500,actor,0000147
0373450,actor,0000147
0243155,actor,0000147
0120323,actor,0000147
2058107,actor,0000147
0314331,actor,0000147
1340800,actor,0000147
2870756,actor,0000147
0455805,actor,0000147
0454848,actor,0000149
1535108,actor,0000149
0258000,actor,0000149
0166485,actor,0000149
0410377,actor,0000149
1321860,actor,0000149
0408790,actor,0000149
0118884,actor,0000149
0476964,actor,0000149
0344510,actor,0000149
1855401,actor,0005162
0120108,actor,0005162
0120701,actor,0005162
0122459,actor,0005162
0120510,actor,0005162
0478087,actor,0000228
0114369,actor,0000228
0117913,actor,0000228
1615147,actor,0000228
0120768,actor,0000228
1247692,actor,0000228
0289992,actor,0000228
0348150,actor,0000228
0223897,actor,0000228
0114814,actor,0000228
0119668,actor,0000228
1194417,actor,0000228
0169547,actor,0000228
1234548,actor,0000228
0272152,actor,0000228
1182345,actor,0000228
0114069,actor,0000228
0120623,actor,0000228
2170439,actor,0000228
0363473,actor,0000228
0189584,actor,0000228
1499658,actor,0000228
0120824,actor,0000228
0119488,actor,0000228
0119336,actor,0000228
0316356,actor,0000380
0120633,actor,0000380
0120647,actor,0000380
0279111,actor,0000380
0117333,actor,0000380
0114534,actor,0000380
0327137,actor,0000380
0251160,actor,0000380
0118632,actor,0000380
0384642,actor,0000380
0114345,actor,0000380
0369436,actor,0000380
1194263,actor,0000380
0114496,actor,0000380
1699147,actor,0000380
0338216,actor,0000380
1872194,actor,0000380
0898367,actor,0000380
3442006,actor,0056770
1029120,actor,0056770
0464154,actor,0000223
0114788,actor,0000223
1629757,actor,0000223
0143746,actor,0000223
0418647,actor,0000223
1582507,actor,0000223
0382077,actor,0000223
0120053,actor,0000223
0441007,actor,0000223
1104733,actor,0000223
0117965,actor,0000223
0113627,actor,0000223
0164052,actor,0000223
1586752,actor,0788335
1105512,actor,0788335
1675192,actor,0788335
1491044,actor,0788335
1547234,actor,0788335
0470705,actor,0788335
0770828,actor,0788335
1017451,actor,0788335
0276033,actor,0005286
0167404,actor,0005286
0115725,actor,0005286
0212720,actor,0005286
0283426,actor,0005286
3099498,actor,0005286
0223897,actor,0005286
0327137,actor,0005286
0112442,actor,0000226
0119654,actor,0000226
0386588,actor,0000226
0454921,actor,0000226
0248667,actor,0000226
0146984,actor,0000226
0120891,actor,0000226
0172156,actor,0000226
2381941,actor,0000226
0120660,actor,0000226
1815862,actor,0000226
1409024,actor,0000226
0343818,actor,0000226
0120912,actor,0000226
0814314,actor,0000226
0307453,actor,0000226
0480249,actor,0000226
0116629,actor,0000226
0448157,actor,0000226
0110189,actor,0382676
0455915,actor,0502425
0873886,actor,0502425
1699147,actor,0502425
1244754,actor,0502425
1183923,actor,0502425
0964517,actor,0502425
0325980,actor,0000136
0479468,actor,0000136
1077368,actor,0000136
0120669,actor,0000136
1298650,actor,0000136
0112817,actor,0000136
0142688,actor,0000136
0376136,actor,0000136
0120681,actor,0000136
0308644,actor,0000136
1152836,actor,0000136
2209764,actor,0000136
0383574,actor,0000136
0138304,actor,0000136
0363988,actor,0000136
1192628,actor,0000136
0162661,actor,0000136
0119008,actor,0000136
0367594,actor,0000136
0408236,actor,0000136
0449088,actor,0000136
1014759,actor,0000136
3099498,actor,0000136
0285823,actor,0000136
0221027,actor,0000136
1210819,actor,0000136
1243957,actor,0000136
0121164,actor,0000136
3045616,actor,0000136
0122933,actor,0000134
1219289,actor,0000134
0289848,actor,0000134
0155711,actor,0000134
0343737,actor,0000134
0112641,actor,0000134
0356443,actor,0000134
1423995,actor,0000134
0116999,actor,0000134
0116277,actor,0000134
0780511,actor,0000134
2404311,actor,0000134
0131704,actor,0000134
1448755,actor,0000134
0113277,actor,0000134
0118887,actor,0000134
0179626,actor,0000134
0307453,actor,0000134
0486674,actor,0000134
0227445,actor,0000134
1045658,actor,0000134
0269095,actor,0000134
0382077,actor,0000134
0120885,actor,0000134
0117665,actor,0000134
0212338,actor,0000134
1748179,actor,0000134
1034331,actor,0000134
1204975,actor,0000134
0284490,actor,0000134
0985694,actor,0000134
0122690,actor,0000134
1931435,actor,0000134
0203019,actor,0000134
0335121,actor,0000134
1661382,actor,0000134
0970866,actor,0000134
0290002,actor,0000134
0112760,actor,0000133
0164912,actor,0000133
0243585,actor,0000133
0116908,actor,0000133
1399683,actor,0370035
0415978,actor,0370035
0309698,actor,0370035
0180734,actor,0370035
0494652,actor,0001923
0114928,actor,0001923
1655442,actor,0067367
2070776,actor,0067367
0414387,actor,0461136
0494834,actor,0461136
0366627,actor,0461136
0783233,actor,0461136
0449088,actor,0461136
0421054,actor,0461136
1205537,actor,0461136
0325980,actor,0461136
1334260,actor,0461136
0864761,actor,0461136
0349683,actor,0461136
1307068,actor,0461136
0383574,actor,0461136
0286499,actor,0461136
1213648,actor,0461136
2084970,actor,0461136
0117381,actor,0005569
0388500,actor,0005569
1152397,actor,0005569
0446046,actor,0005569
0316465,actor,0005569
1142798,actor,0005569
0140397,actor,0005569
3322940,actor,0005569
0272152,actor,0005569
0130623,actor,0005569
0199725,actor,0005569
0120133,actor,0002039
0329575,actor,0177933
0268126,actor,0177933
0113845,actor,0177933
0132477,actor,0177933
1403981,actor,0177933
0804505,actor,0177933
1322269,actor,0177933
1172991,actor,0177933
0116905,actor,0177933
0401997,actor,0177933
0119223,actor,0177933
0431197,actor,0177933
1204342,actor,0177933
0376890,actor,0177933
0187393,actor,0177933
1562847,actor,0177933
0258463,actor,0177933
0264796,actor,0005460
0319343,actor,0005460
1007018,actor,0005460
1204975,actor,0005460
1041829,actor,0005460
0114168,actor,0005460
0838283,actor,0005460
0369436,actor,0005460
0483756,actor,0005460
2182972,actor,0005460
0476964,actor,0005460
0409034,actor,0005460
0399877,actor,0559144
0171804,actor,0001721
0284034,actor,0001721
0330099,actor,0001721
0323944,actor,0001721
0320244,actor,0001721
0113540,actor,0001721
0120728,actor,0001721
0144084,actor,0001721
1823664,actor,4832920
2125435,actor,4832920
0399146,actor,0000458
0118929,actor,0000458
0283084,actor,0000458
0368447,actor,0000458
0954990,actor,0000458
0955308,actor,0000458
0800080,actor,0000458
0120108,actor,0000458
0758758,actor,0000458
0120738,actor,0000458
0120776,actor,0000458
0114478,actor,0000458
0780571,actor,0000458
0117038,actor,0000458
0118859,actor,0000459
0363988,actor,0000459
0144214,actor,0000459
0113117,actor,0000459
0362269,actor,0000459
1139328,actor,0000459
0984210,actor,0000459
0768212,actor,0000459
0119906,actor,0000459
1212909,actor,0000459
0115639,actor,0000459
0363780,actor,0000459
0408985,actor,0000459
0119567,actor,0000592
0472200,actor,0000592
0382628,actor,0000592
0120824,actor,0000592
0116683,actor,0000592
0122906,actor,0000592
0116136,actor,0000592
0117509,actor,0000592
0114371,actor,0000454
0360323,actor,0000454
0211465,actor,0000454
0974554,actor,0000454
1027862,actor,0000454
0418753,actor,0000454
0418819,actor,0000454
0120645,actor,0000454
1213012,actor,0000454
0114898,actor,0000454
1870529,actor,0000456
0115964,actor,0000456
0361841,actor,0000456
0328538,actor,0000456
0190590,actor,0000456
0120722,actor,0000456
0113321,actor,0000456
0112722,actor,0000456
0304328,actor,0000456
0317705,actor,0000456
0119535,actor,0000456
0433116,actor,0000983
2937898,actor,0000983
0780504,actor,0000983
0266543,actor,0000983
0164108,actor,0000983
0314786,actor,0000983
0118901,actor,0000983
0206963,actor,0000983
0829098,actor,0000980
0118661,actor,0000980
0117582,actor,0000980
0243155,actor,0000980
0962736,actor,0000980
0417741,actor,0000980
0327437,actor,0000980
0383694,actor,0000980
0280778,actor,0000980
0118755,actor,0000980
1007029,actor,0000980
1371111,actor,0000980
0364955,actor,0000980
0317198,actor,0000980
0361089,actor,0000980
0358082,actor,0000980
0114279,actor,0000980
0151568,actor,0000980
1431181,actor,0000980
0203009,actor,0000980
0217505,actor,0000980
0120907,actor,0000453
0120255,actor,0000453
0119116,actor,0000453
0120681,actor,0000453
0386741,actor,0000453
0443448,actor,0000453
1602620,actor,0728938
2431286,actor,0001858
0765010,actor,0001858
0253840,actor,0001426
0167456,actor,0001426
0114508,actor,0001426
0787474,actor,0001426
0425210,actor,0001426
0796375,actor,0001426
0473075,actor,0001426
0315983,actor,0001426
0318081,actor,0001426
0462396,actor,0001426
0955411,actor,0001426
1528100,actor,0001426
0974554,actor,0001426
1731141,actor,0001426
0800241,actor,0001426
0160797,actor,0001426
0324127,actor,0001426
0380599,actor,0001426
1082886,actor,0001426
0970179,actor,0001426
0383222,actor,0001426
0181151,actor,0001426
1130884,actor,0001426
0117991,actor,0001426
0449059,actor,0001427
1742650,actor,0001427
0800027,actor,0001427
0244970,actor,0001427
0219699,actor,0001427
0871426,actor,0001427
1054588,actor,0001427
0335121,actor,0001427
0445990,actor,0001427
1929263,actor,0001427
0450340,actor,0001427
0365485,actor,0001427
0119822,actor,0001427
0995039,actor,0001427
1333125,actor,0001427
0338466,actor,0001427
0116059,actor,0001427
0171580,actor,0001427
0298744,actor,0001427
0120151,actor,0001427
1294226,actor,0001427
0947810,actor,0001427
0114319,actor,0001427
0181151,actor,0001427
0460792,actor,0001427
0128853,actor,0001427
1251743,actor,0001427
0277434,actor,0001427
0408524,actor,0001427
0780521,actor,0001856
0413895,actor,0001856
0120603,actor,0001856
1327773,actor,0001856
0159097,actor,0000678
0170452,actor,0000678
0822832,actor,0000678
0118665,actor,0000678
0210567,actor,0000678
0118892,actor,0915208
1616195,actor,0915208
0963178,actor,0915208
0361309,actor,0915208
2103267,actor,0915208
0808279,actor,0915208
0446755,actor,0915208
0360717,actor,0915208
1182350,actor,0915208
0315733,actor,0915208
1791682,actor,0915208
0371257,actor,0915208
0436262,actor,0915208
0977855,actor,0915208
1121977,actor,0915208
0377109,actor,0915208
0356721,actor,0915208
0298130,actor,0915208
2170593,actor,0915208
0166924,actor,0915208
1758595,actor,0915208
1462041,actor,0915208
0765443,actor,0915208
0114614,actor,0915208
1454029,actor,0818055
0119942,actor,0000671
1872194,actor,0000671
0179473,actor,0000671
0120797,actor,0000671
2345112,actor,0000671
0408524,actor,0000671
0469263,actor,0000671
0243133,actor,0000671
0120399,actor,0000671
1433108,actor,0000671
0865554,actor,0000671
0219965,actor,0000671
0448694,actor,0000671
0419984,actor,0000671
0400525,actor,0000671
0318974,actor,0000671
0304328,actor,0000671
0390022,actor,0000671
0120324,actor,0000671
0120591,actor,0000671
0462519,actor,0000671
0138524,actor,0000671
0307987,actor,0000671
0285742,actor,0000671
1251743,actor,0000673
0120490,actor,0000673
0120831,actor,0000673
0280720,actor,0000673
0375173,actor,0000673
1189340,actor,0000673
2639344,actor,0000673
0114113,actor,0000673
0884224,actor,0000673
0247425,actor,0000673
1125849,actor,0000673
0204626,actor,0000673
0244970,actor,0000673
1844203,actor,0000673
0207201,actor,0000673
0305224,actor,0000673
1047540,actor,0000673
0292963,actor,0000673
0409034,actor,0000673
1336617,actor,0000673
0120596,actor,0001358
0203019,actor,0001358
0120618,actor,0001215
0454776,actor,0001215
0292963,actor,0001215
0174204,actor,0001215
0401445,actor,0001215
0195685,actor,0001215
0319061,actor,0001215
1869716,actor,0680983
1512235,actor,0680983
0858479,actor,0680983
1375666,actor,0680983
0467406,actor,0680983
0847897,actor,0680983
1172233,actor,0680983
0419256,actor,0910278
1109624,actor,0910278
0416508,actor,0910278
0249462,actor,0910278
1196956,actor,0910278
0337909,actor,0910278
1217209,actor,0910278
0298744,actor,0000353
0961108,actor,0000353
0189998,actor,0000353
0329774,actor,0000353
0144117,actor,0000353
0870984,actor,0000353
2278388,actor,0000353
0433362,actor,0000353
0244709,actor,0000353
0342735,actor,0000353
0116209,actor,0000353
0120907,actor,0000353
0454848,actor,0000353
0465142,actor,0000353
0120179,actor,0000353
0401729,actor,0000353
0362270,actor,0000353
2911666,actor,0000353
0145487,actor,0000353
0901476,actor,0000298
0264150,actor,0000298
0212346,actor,0000298
0256415,actor,0000298
0343737,actor,0000354
0440963,actor,0000354
0134119,actor,0000354
0146984,actor,0000354
0947810,actor,0000354
1403865,actor,0000354
2091473,actor,0000354
2177771,actor,0000354
0120655,actor,0000354
0496806,actor,0000354
1212419,actor,0000354
0407887,actor,0000354
0149624,actor,0000354
1598778,actor,0000354
0119217,actor,0000354
0355295,actor,0000354
1130080,actor,0000354
0120913,actor,0000354
0128442,actor,0000354
0466893,actor,0000354
0338466,actor,0000354
0120815,actor,0000354
0119978,actor,0000354
1057500,actor,0000354
0258463,actor,0000354
0302674,actor,0000354
0372183,actor,0000354
1389137,actor,0000354
1645089,actor,0000354
0365737,actor,0000354
1385826,actor,0000354
0166813,actor,0000354
0115956,actor,0000354
1535108,actor,0000354
0357110,actor,0000358
0115988,actor,0000358
0469494,actor,0000358
0875034,actor,0000358
0443272,actor,0000358
0217505,actor,0000358
0120775,actor,0000297
0139654,actor,0000297
0119196,actor,0000297
1433108,actor,0000297
1013753,actor,0000982
1967545,actor,0000982
1791528,actor,0000982
0458481,actor,0000982
1321511,actor,0000982
0765429,actor,0000982
0133412,actor,0000982
1403865,actor,0000982
0120757,actor,0000982
1409024,actor,0000982
1182350,actor,0000982
0115644,actor,0000982
0477348,actor,0000982
0378109,actor,0000982
0164052,actor,0000982
1175491,actor,0000982
1075747,actor,0000982
0405676,actor,0000179
1446192,actor,0000179
0134119,actor,0000179
2053463,actor,0000179
0765120,actor,0000179
0339291,actor,0000179
0457939,actor,0000179
1053424,actor,0000179
0988045,actor,0000179
0119177,actor,0000179
1598778,actor,0000179
1515091,actor,0000179
0212720,actor,0000179
0120907,actor,0000179
0120514,actor,0000179
0215750,actor,0000179
0119668,actor,0000179
0346156,actor,0000179
0375173,actor,0000179
0376541,actor,0000179
0159365,actor,0000179
0356721,actor,0000179
0116477,actor,0000277
0127536,actor,0000277
0119567,actor,0000277
1117385,actor,0000271
0185007,actor,0000271
0160009,actor,0000271
1488555,actor,0000273
0804522,actor,0000273
0268690,actor,0000273
1024648,actor,0000273
0114536,actor,0000273
0120831,actor,0000273
1647668,actor,0000273
0110189,actor,0000273
0862846,actor,0000273
0822832,actor,0000273
1389096,actor,0000273
0449059,actor,0000273
0119229,actor,0000273
0425061,actor,0000273
0117093,actor,0000273
0120663,actor,0000173
2058107,actor,0000173
0308383,actor,0000173
0274558,actor,0000173
0112462,actor,0000173
0337876,actor,0000173
1674784,actor,0000173
0120791,actor,0000173
0374536,actor,0000173
0757361,actor,0000173
1496422,actor,0000173
1682180,actor,0000173
0188453,actor,0000173
0373926,actor,0000173
0427392,actor,0000173
0935075,actor,0000173
1564367,actor,0000173
0159365,actor,0000173
0875034,actor,0000173
0455824,actor,0000173
0327162,actor,0000173
0203009,actor,0000173
0114681,actor,0000173
0422295,actor,0000173
0230600,actor,0000173
0119874,actor,0000173
0385752,actor,0000173
0116367,actor,0000172
0118887,actor,0000172
0119095,actor,0000172
0141926,actor,0000172
0289765,actor,0000172
0170452,actor,0000172
0185431,actor,0000172
1584131,actor,0000172
0118859,actor,0000172
0356443,actor,0000172
0112541,actor,0000172
0114478,actor,0000172
0112688,actor,0000172
0968264,actor,0000177
0138749,actor,0000177
0120891,actor,0000177
0119349,actor,0000177
0113117,actor,0000177
1730687,actor,0000177
1361313,actor,0000177
0352277,actor,0000177
1204975,actor,0000177
0283530,actor,0000177
0119115,actor,0000177
0399095,actor,0000177
0420238,actor,0000177
0140379,actor,0000177
0264796,actor,0000177
0119360,actor,0000177
1082009,actor,0000177
0383216,actor,0000177
1411238,actor,0000177
0163676,actor,0002128
0115988,actor,0006890
0227445,actor,0000291
0339412,actor,0000291
1073241,actor,0000291
1047494,actor,0000291
0114825,actor,0000291
0286179,actor,0000291
0120703,actor,0000291
1640484,actor,0000291
0396555,actor,0000291
0114558,actor,0000291
0185007,actor,0000291
1425922,actor,0000291
0134983,actor,0000291
0437800,actor,0000291
0114885,actor,0000291
0304711,actor,0005132
0187393,actor,0005132
0240510,actor,0005132
0402894,actor,0005132
0183790,actor,0005132
0368794,actor,0005132
0285742,actor,0005132
0147800,actor,0005132
0355295,actor,0005132
0388795,actor,0005132
1054606,actor,0005132
0468569,actor,0005132
0355702,actor,0005132
0138749,actor,0001579
0120094,actor,0001579
1272878,actor,0001579
1869425,actor,0001579
0113896,actor,0001579
0166896,actor,0002070
0175880,actor,0001673
0120323,actor,0001673
0337876,actor,0000002
0783608,actor,0000002
0117057,actor,0000002
0415306,actor,0003817
0891592,actor,0003817
1817276,actor,0003817
0190138,actor,0003817
0120689,actor,0003817
0277296,actor,0003817
0250720,actor,0003817
1470020,actor,0003817
0287978,actor,0003817
0462519,actor,0003817
0133152,actor,0003817
0390221,actor,1503432
0460792,actor,1503432
1323594,actor,0136797
0427152,actor,0136797
0790628,actor,0136797
1727388,actor,0136797
1307068,actor,0136797
1279935,actor,0136797
1690953,actor,0136797
0425061,actor,0136797
0405422,actor,0136797
1570728,actor,0136797
0449059,actor,0136797
0357413,actor,0136797
0480242,actor,0136797
1535438,actor,0136797
1698641,actor,0136797
1229340,actor,0136797
0451079,actor,0136797
1100089,actor,0136797
0413099,actor,0136797
0327084,actor,0136797
1073241,actor,0000369
0463034,actor,0000369
0400497,actor,0000369
0164003,actor,0000369
0120890,actor,0000369
0114681,actor,0000369
0129387,actor,0000369
0115495,actor,0000369
0203755,actor,0000369
0115639,actor,0000369
0913354,actor,0000369
0119360,actor,0000369
1741243,actor,0000369
1135084,actor,0000369
0120784,actor,0001601
0115836,actor,0001601
0318283,actor,0001601
0118040,actor,0001601
0385267,actor,0001601
1127180,actor,0001601
0193135,actor,0001601
0163579,actor,0001601
0120751,actor,0001601
0120142,actor,0001601
2199571,actor,0000553
1601913,actor,0000553
2446042,actor,0000553
0372784,actor,0000553
2024469,actor,0000553
0838247,actor,0000553
0314331,actor,0000553
0114287,actor,0000553
0936501,actor,0000553
1352824,actor,0000553
0365907,actor,0000553
0171356,actor,0000553
1821658,actor,0000553
0171363,actor,0000553
0115645,actor,0000553
0120915,actor,0000553
0362269,actor,0000553
0117039,actor,0000553
2557490,actor,0000553
0479537,actor,0000553
1440129,actor,0000553
0800320,actor,0000553
0429493,actor,0000553
1401152,actor,0000553
1646987,actor,0000553
1397280,actor,0000553
0320661,actor,0000553
1458175,actor,0000553
0119664,actor,0000552
0477051,actor,0000552
0118998,actor,0000552
0120762,actor,0000552
0297181,actor,0000552
0298148,actor,0000552
0763831,actor,0000552
0471042,actor,0000552
0120701,actor,0000552
0443489,actor,0000552
0144528,actor,0000552
0284490,actor,0000552
0338094,actor,0000552
0126029,actor,0000552
0780567,actor,0000552
0765476,actor,0000552
0114825,actor,0000552
0131325,actor,0000552
0240462,actor,0000552
0180052,actor,0000552
0117218,actor,0000552
0317303,actor,0000552
0413267,actor,0000552
0892791,actor,0000552
0123964,actor,0000552
0266452,actor,0001416
0379725,actor,0001416
0120780,actor,0001416
0436331,actor,0001416
0290212,actor,0001416
1104733,actor,0001416
0357110,actor,0001416
0405422,actor,0001416
0486674,actor,0001416
0120601,actor,0001416
0821642,actor,0001416
1336617,actor,0001416
0758758,actor,0001416
0174204,actor,0001416
0258153,actor,0001416
0119517,actor,0001416
1313139,actor,0001416
0383028,actor,0001416
0481499,actor,0001416
0373926,actor,0001416
0878835,actor,0001416
1535109,actor,0001416
1529572,actor,0001416
1800241,actor,2225369
1877832,actor,2225369
1045658,actor,2225369
1951264,actor,2225369
1270798,actor,2225369
1392170,actor,2225369
1399683,actor,2225369
1582507,actor,2225369
1951265,actor,2225369
0783233,actor,0000950
0363473,actor,0000950
0117589,actor,0000950
0414387,actor,0000950
0407121,actor,0000950
0117102,actor,0001777
0119640,actor,0001777
0116669,actor,0000178
0770828,actor,0000178
0120613,actor,0000178
0116953,actor,0000178
0417001,actor,0000178
0250797,actor,0000178
0114938,actor,0000178
0956038,actor,0000178
1028576,actor,0000178
0177971,actor,0000178
0880578,actor,0000178
0221218,actor,0000178
0489099,actor,0000178
0328589,actor,0000178
0427969,actor,0000178
0156812,actor,0000178
0180734,actor,0000178
0252299,actor,0001527
2083383,actor,0000142
0139668,actor,0000142
0186566,actor,0000142
0405159,actor,0000142
0309377,actor,0000142
1205489,actor,0000142
0112579,actor,0000142
0118548,actor,0000142
0316654,actor,0365281
0117589,actor,0001399
0138279,actor,0001399
0209958,actor,0001399
0140397,actor,0001521
0246578,actor,0001521
0116629,actor,0001521
0408236,actor,0000307
0133152,actor,0000307
0137523,actor,0000307
0234354,actor,0000307
0438488,actor,0000307
1504320,actor,0000307
0319061,actor,0000307
0121164,actor,0000307
0117991,actor,0000307
0367594,actor,0000307
1077368,actor,0000307
1014759,actor,0000307
0312004,actor,0000307
1661199,actor,0000307
0301390,actor,0000307
1549589,actor,0000300
0387059,actor,0000300
1535612,actor,0000300
0480242,actor,0000300
1480656,actor,0000300
0241303,actor,0000300
0836700,actor,0000300
0349260,actor,0000300
0401711,actor,0000300
0387898,actor,0000300
0116209,actor,0000300
0117119,actor,0001258
0482629,actor,0001258
0332280,actor,0001258
0186566,actor,0001258
0279778,actor,0001258
0230011,actor,0001258
0113862,actor,0001156
0119896,actor,0001156
0491747,actor,0001156
0120741,actor,0001156
0331525,actor,0001156
0150915,actor,0341737
0122906,actor,0341737
0221027,actor,0341737
0116722,actor,0341737
0265662,actor,0341737
0181875,actor,0000531
1440345,actor,0000531
0117381,actor,0000531
0887883,actor,0000531
0243133,actor,0000531
0337741,actor,0000531
0116282,actor,0000531
0269095,actor,0000531
2091473,actor,0000531
0436331,actor,0000531
0112495,actor,0000531
1748122,actor,0000531
0185014,actor,0000531
0119859,actor,0000531
0123987,actor,0000531
0395972,actor,0000531
0123221,actor,0000412
2481480,actor,0000412
0119311,actor,0000412
0838232,actor,0000412
0118966,actor,0000412
0315297,actor,0000412
0343996,actor,0000412
0114660,actor,0000412
0114536,actor,0000412
0367188,actor,0000412
0485851,actor,0000412
0265307,actor,0000412
0808399,actor,0000412
1174730,actor,0000412
0395543,actor,0001800
0882969,actor,0001800
0364725,actor,0001800
0120912,actor,0001800
0119654,actor,0001800
0109370,actor,0001800
0240515,actor,0001800
0422720,actor,0001800
0399146,actor,0001557
0114194,actor,0001557
0191754,actor,0001557
0116040,actor,0001557
0167260,actor,0001557
0167261,actor,0001557
0800308,actor,0001557
0436364,actor,0001557
0765443,actor,0001557
0120613,actor,0001557
0317648,actor,0001557
0115495,actor,0001557
0119173,actor,0001557
0112740,actor,0001557
0898367,actor,0001557
0155975,actor,0001557
0120787,actor,0001557
0765447,actor,0000603
1521197,actor,0000603
0120514,actor,0000603
0384686,actor,0000603
0896872,actor,0000603
0120647,actor,0000603
0892318,actor,0000603
1100089,actor,0000603
0472033,actor,0000604
1336617,actor,0000604
1772341,actor,0000604
0338751,actor,0000604
0450405,actor,0000604
0126916,actor,0000604
0803057,actor,0000604
1242460,actor,0000604
0756729,actor,0000604
0177971,actor,0000604
0118749,actor,0000604
0838283,actor,0000604
0382628,actor,0000604
0151738,actor,0000604
0119256,actor,0000604
2581244,actor,0000604
0217505,actor,0000604
0841046,actor,0000604
0415306,actor,0000604
0198386,actor,0000608
0134618,actor,0000608
0132245,actor,0000608
0118689,actor,0000608
0118749,actor,0000608
0398165,actor,0000608
0117765,actor,0000608
0446676,actor,0000608
0245844,actor,0001321
0172495,actor,0001321
0241527,actor,0001321
0112749,actor,0001321
0369441,actor,0420955
0857191,actor,0420955
1730687,actor,0420955
0376136,actor,0420955
1228987,actor,0420955
0879870,actor,0420955
0239949,actor,0420955
0790724,actor,0420955
2334879,actor,0420955
0116168,actor,0420955
0838283,actor,0420955
1764234,actor,0420955
0113419,actor,0420955
1296898,actor,0420955
0989757,actor,0420955
0398375,actor,0420955
0118607,actor,0001329
0120855,actor,0001329
0114279,actor,0001329
0123987,actor,0001329
0331468,actor,0000232
0308055,actor,0000232
0327554,actor,0000232
0174204,actor,0000232
0112641,actor,0000232
0164108,actor,0000232
0114214,actor,0000232
0120683,actor,0000232
0412019,actor,0000232
0120587,actor,0000232
0116095,actor,0000232
0430912,actor,0000232
0120184,actor,0000232
1426329,actor,0000232
0280380,actor,0000234
0898367,actor,0000234
0340855,actor,0000234
0117887,actor,0000234
0448157,actor,0000234
1446714,actor,0000234
0138304,actor,0000234
0120373,actor,0000234
0478134,actor,0000234
0184858,actor,0000234
0146984,actor,0000234
2557490,actor,0000234
0118971,actor,0000234
0120751,actor,0000234
0317740,actor,0000234
1068641,actor,0000234
1735898,actor,0000234
0375568,actor,0000234
1625346,actor,0000234
0230838,actor,0000234
0203019,actor,0000234
0138946,actor,0000234
0395972,actor,0000234
0124315,actor,0000234
0118661,actor,0000235
0338337,actor,0000235
1540128,actor,0000235
0119177,actor,0000235
1220220,actor,0000235
0387514,actor,0000235
0377471,actor,0000235
0395251,actor,0000235
0266697,actor,0000235
0465624,actor,0000235
0117979,actor,0000235
0815178,actor,0000235
0200669,actor,0000235
0190861,actor,0000235
0118688,actor,0000235
0378194,actor,0000235
0115736,actor,0000236
0387575,actor,0000236
0144120,actor,0000236
0299172,actor,0000236
0338094,actor,0000236
0410764,actor,0000236
0384488,actor,0000236
0244244,actor,0000237
0115759,actor,0000237
0120633,actor,0000237
0330793,actor,0000237
0349710,actor,0000237
0120112,actor,0000237
0441774,actor,0000237
0119094,actor,0000237
1179034,actor,0000237
0144214,actor,0000237
0185183,actor,0000237
0486946,actor,0000237
0427327,actor,0000237
0117333,actor,0000237
0249478,actor,0000237
0114928,actor,0000237
0113161,actor,0000237
0119942,actor,0000237
0117038,actor,0000237
0976238,actor,0000237
0119592,actor,0000237
0397892,actor,0000237
0264395,actor,0000237
0377471,actor,0000237
1111422,actor,0000237
0219952,actor,0000237
0119137,actor,0001315
0118966,actor,0001315
0435670,actor,0001315
0119643,actor,0001315
0327056,actor,0001315
0117718,actor,0001315
2870756,actor,0001315
0117723,actor,0001315
0408524,actor,0001315
0780492,actor,0001315
0183659,actor,0001315
0884328,actor,0001315
0361925,actor,0001315
0758758,actor,0001315
2345112,actor,0001315
1617661,actor,1519666
2980516,actor,1519666
0954990,actor,1519666
0379976,actor,1519666
1655420,actor,1519666
0422295,actor,0000737
0298130,actor,0000737
0170452,actor,0000732
0115907,actor,0000732
0762121,actor,1095720
1981677,actor,0447695
2180411,actor,0447695
1623288,actor,0447695
3442006,actor,0447695
1855199,actor,0447695
1306980,actor,0447695
1259571,actor,0447695
0477078,actor,0447695
1193138,actor,0447695
0113501,actor,0000401
0326769,actor,0000401
0398712,actor,0000401
1424381,actor,0000401
0327056,actor,0000401
0119081,actor,0000401
0913354,actor,0000401
0234215,actor,0000401
0181739,actor,0000401
0119311,actor,0000401
0308055,actor,0000401
0133093,actor,0000401
0437800,actor,0000401
0116320,actor,0000401
0114057,actor,0000401
0242653,actor,0000401
0120800,actor,0000198
1067106,actor,0000198
0372784,actor,0000198
0120738,actor,0000198
0118571,actor,0000198
1037705,actor,0000198
1139668,actor,0000198
2103281,actor,0000198
0212985,actor,0000198
1340800,actor,0000198
0762125,actor,0000198
1413495,actor,0000198
0119116,actor,0000198
0208874,actor,0000198
1234721,actor,0000198
1486185,actor,0000198
1345836,actor,0000198
1302011,actor,0000198
0114345,actor,0000198
0180093,actor,0000124
1959490,actor,0000124
0831884,actor,0000124
0382628,actor,0000124
0286716,actor,0000124
0404203,actor,0000124
0127349,actor,0000124
0970416,actor,0000124
1001508,actor,0000124
0315983,actor,0000124
0268978,actor,0000124
0118929,actor,0000124
0183659,actor,0000124
1578275,actor,0000124
0974014,actor,0000124
0472033,actor,0000124
0117107,actor,0000124
0450259,actor,0000124
1251743,actor,0000124
0113501,actor,0000125
0118661,actor,0000125
0137494,actor,0000125
0113071,actor,0000125
0145734,actor,0000125
0181536,actor,0000125
0311429,actor,0000125
0117500,actor,0000125
0116136,actor,0000125
0146309,actor,0000126
0259288,actor,0000126
0406816,actor,0000126
0365885,actor,0000126
0233142,actor,0000126
0119925,actor,0000126
0398375,actor,0000126
0780571,actor,0000126
0139462,actor,0000126
0126916,actor,0000126
2172934,actor,0000126
2223990,actor,0000126
0316356,actor,0000126
1027862,actor,0000126
1205537,actor,0000126
0114898,actor,0000126
0117918,actor,0000126
2177771,actor,0000123
0117247,actor,0000123
0465538,actor,0000123
0365737,actor,0000123
0349903,actor,0000123
0116367,actor,0000123
0432283,actor,0000123
1033575,actor,0000123
0177971,actor,0000123
0496806,actor,0000123
0120188,actor,0000123
0433383,actor,0000123
0452624,actor,0000123
0120780,actor,0000123
0190590,actor,0000123
0271259,actor,0000123
1234548,actor,0000123
0118688,actor,0000123
1124035,actor,0000123
1440728,actor,0000123
0307479,actor,0000123
0379865,actor,0000123
0119874,actor,0000123
1193138,actor,0000123
0138524,actor,0000123
1454468,actor,0000123
0240772,actor,0000123
0887883,actor,0000123
0270288,actor,0000123
0228750,actor,0000128
1707386,actor,0000128
0765429,actor,0000128
0381849,actor,0000128
1837709,actor,0000128
0172495,actor,0000128
1458175,actor,0000128
1235522,actor,0000128
0955308,actor,0000128
0401445,actor,0000128
1959490,actor,0000128
0140352,actor,0000128
0770828,actor,0000128
0311113,actor,0000128
0268978,actor,0000128
0119488,actor,0000128
0114214,actor,0000128
1258972,actor,0000128
0114857,actor,0000128
0352248,actor,0000128
0473705,actor,0000128
0134618,actor,0000128
0758774,actor,0000128
0317919,actor,0000129
1336608,actor,0000129
0891527,actor,0000129
1229238,actor,0000129
0120755,actor,0000129
0175880,actor,0000129
0181689,actor,0000129
0325710,actor,0000129
0369339,actor,0000129
0117060,actor,0000129
0985699,actor,0000129
0259711,actor,0000129
1013743,actor,0000129
1631867,actor,0000129
1483013,actor,0000129
0116695,actor,0000129
0407304,actor,0000129
0120663,actor,0000129
0790724,actor,0000129
0119675,actor,0000227
0981042,actor,0000227
0162677,actor,0000227
0253840,actor,0000227
0120032,actor,0000227
0984210,actor,0000227
1772408,actor,0000227
0120008,actor,0000227
0132512,actor,0000227
0113819,actor,0000227
0377981,actor,0001749
0416508,actor,0001749
1441951,actor,0001749
0116313,actor,0001749
0120857,actor,0001749
0280707,actor,0001749
0241527,actor,0001749
1412386,actor,0001749
0881891,actor,0002006
1719071,actor,0002006
1726669,actor,0002006
1282140,actor,0002006
0375063,actor,0002006
0119190,actor,0002006
0780567,actor,0002006
0401729,actor,0002006
0413300,actor,0002006
1929263,actor,0002006
0858479,actor,0002006
1389137,actor,0002006
2170593,actor,0000195
0412019,actor,0000195
0432283,actor,0000195
2177771,actor,0000195
0335266,actor,0000195
0120483,actor,0000195
0356634,actor,0000195
0160127,actor,0000195
0116778,actor,0000195
1396221,actor,0000195
0116823,actor,0000195
0171359,actor,0000195
1748122,actor,0000195
0343996,actor,0000195
0970411,actor,0000195
0128445,actor,0000195
0455499,actor,0000195
1194263,actor,0000195
0362270,actor,0000195
0251075,actor,0000194
0349467,actor,0000194
0212985,actor,0000194
0262911,actor,0000194
0427968,actor,0000194
0861689,actor,0000194
0356618,actor,0000194
0113986,actor,0000194
0112401,actor,0000194
0323033,actor,0000194
2024469,actor,0000194
0175880,actor,0000194
0206634,actor,0000194
0119567,actor,0000194
0435705,actor,0000194
0379976,actor,0000194
0118715,actor,0000194
3316960,actor,0000194
0120824,actor,0000194
1121096,actor,0000194
0297884,actor,0000194
0274558,actor,0000194
2229499,actor,0000194
0114296,actor,0000194
0122541,actor,0000194
1932767,actor,0000194
0842926,actor,0000194
0117791,actor,0000194
0155975,actor,0000194
0406158,actor,0000194
1352824,actor,0000194
0119746,actor,0000194
2172584,actor,0000194
0172396,actor,0000194
1315981,actor,0000194
0126250,actor,0000194
1939659,actor,0000194
0118749,actor,0000194
1570728,actor,0000194
1392214,actor,0205626
1559547,actor,0205626
1013743,actor,0205626
1529572,actor,0205626
0297884,actor,0205626
1454029,actor,0205626
0956038,actor,0205626
1870529,actor,0205626
0918927,actor,0205626
0307479,actor,0205626
2717822,actor,0205626
0879870,actor,0205626
2473602,actor,0205626
1190080,actor,0252230
0944835,actor,0252230
0206634,actor,0252230
0796368,actor,0252230
0379786,actor,0252230
0301199,actor,0252230
0434124,actor,0252230
2024544,actor,0252230
1012804,actor,0252230
1797487,actor,0252230
0378947,actor,0252230
0765429,actor,0252230
1196340,actor,0001731
0377800,actor,0001731
0171359,actor,0001731
1599348,actor,0001731
0765010,actor,0001731
1179031,actor,0001731
0443680,actor,0001731
1935179,actor,0001731
0433442,actor,0001731
0244244,actor,0001731
1797487,actor,0001731
0382992,actor,0001731
0116629,actor,0002139
1440345,actor,0002139
1371155,actor,1020089
1109624,actor,1020089
0375912,actor,1020089
1125929,actor,0000582
0112641,actor,0000582
0119214,actor,0000582
0122151,actor,0000582
0118541,actor,0000582
0118663,actor,0001445
0120902,actor,0001445
0115907,actor,0001445
0115472,actor,0001445
0472033,actor,0001445
1150947,actor,0001445
1142977,actor,0001445
0131369,actor,0001445
0268995,actor,0001445
0117582,actor,0000288
0368794,actor,0000288
0462504,actor,0000288
0238380,actor,0000288
1345836,actor,0000288
0114148,actor,0000288
0361862,actor,0000288
1152836,actor,0000288
0438488,actor,0000288
1528100,actor,0000288
0964517,actor,0000288
0253556,actor,0000288
0468569,actor,0000288
0120584,actor,0000288
0120879,actor,0000288
0433387,actor,0000288
0238112,actor,0000288
0482571,actor,0000288
0372784,actor,0000288
0381849,actor,0000288
1206543,actor,0000288
1800241,actor,0000288
0162650,actor,0000288
0402399,actor,0000288
0144084,actor,0000288
0250224,actor,0001117
0132512,actor,0001117
0115988,actor,0001117
0313542,actor,0001117
0125454,actor,0001117
1731697,actor,0001117
0120533,actor,0001114
0422720,actor,0001114
0115710,actor,0001114
0326664,actor,0001114
0118954,actor,0001114
0460829,actor,0000460
0190374,actor,0000460
0120744,actor,0000460
0119558,actor,0000460
0800308,actor,0000460
0379889,actor,0000460
1840417,actor,0000460
0402894,actor,0000460
0112864,actor,0000460
1559547,actor,0000460
0117737,actor,0000460
0449010,actor,0000460
1615147,actor,0000460
1194417,actor,0001295
0112864,actor,0001295
0221074,actor,0001295
0116996,actor,0000906
0169547,actor,0000906
0316356,actor,0000906
0120710,actor,0000906
0181151,actor,0000906
0133952,actor,0000906
0439289,actor,0000906
1121977,actor,0000906
1839642,actor,0000906
0842926,actor,0000906
0430770,actor,0000906
0112346,actor,0000906
0114279,actor,0000906
1772288,actor,0000906
0340012,actor,0000906
0255477,actor,0000905
0181536,actor,0001593
0252299,actor,0001593
0116329,actor,0001593
0307901,actor,0001593
0273517,actor,0001593
0120613,actor,0001593
1262416,actor,0001593
1403988,actor,0001593
0466893,actor,0001593
0113451,actor,0001590
0116269,actor,0001590
0426615,actor,0001590
0273982,actor,0001590
0117107,actor,0001590
0122933,actor,0001590
0231775,actor,0001590
0404390,actor,0001590
0116095,actor,0001590
0114814,actor,0001590
0119336,actor,0001590
1018830,actor,0001590
0114113,actor,0001590
0286106,actor,1113550
1911644,actor,1113550
0449059,actor,1113550
0482629,actor,1113550
0832266,actor,1113550
1192628,actor,1113550
1731141,actor,1113550
1156398,actor,1113550
0846308,actor,1113550
0481141,actor,1113550
0410377,actor,1113550
1078588,actor,1113550
0120402,actor,0001228
1778924,actor,0001228
0179473,actor,0001228
0205461,actor,0001228
0116225,actor,0001228
0165854,actor,0001228
0259324,actor,0001228
2172934,actor,2794962
1731141,actor,2794962
1403865,actor,2794962
0277027,actor,0001848
0115580,actor,0001848
0120791,actor,0001848
1730687,actor,0001848
0935075,actor,0001848
0449487,actor,0001848
0119314,actor,0001848
0115685,actor,0001848
0473488,actor,0001848
0120744,actor,0000518
1911658,actor,0000518
0117002,actor,0000518
0364955,actor,0000518
0460810,actor,0000518
0118880,actor,0000518
0211465,actor,0000518
0128442,actor,0000518
1588173,actor,0000518
0274166,actor,0000518
1028576,actor,0000518
0887883,actor,0000518
0449010,actor,0000518
0189998,actor,0000518
1821694,actor,0000518
1075747,actor,0000518
0374536,actor,0000511
0388125,actor,0000511
0398375,actor,0000511
0116240,actor,0000511
0117104,actor,0000511
1704573,actor,0000511
0172726,actor,0001845
0183649,actor,0001845
1425922,actor,0001845
0114508,actor,0001845
1549920,actor,0001845
0258000,actor,0001845
0117333,actor,0001845
0443274,actor,0001845
0479140,actor,0001845
1886493,actor,0001845
1327773,actor,0001845
1305583,actor,0001845
2446042,actor,0001845
0165798,actor,0001845
0455590,actor,0001845
0421073,actor,0001845
0185183,actor,0001845
0427309,actor,0001845
0386117,actor,0001845
1053424,actor,0001845
2012665,actor,0001845
0443496,actor,0000513
0318649,actor,0000513
0318374,actor,0000513
0116282,actor,0000513
0486946,actor,0000513
0163025,actor,0000513
0120789,actor,0000513
0271259,actor,0000513
1189340,actor,0000513
0120633,actor,0000513
0360009,actor,0000513
0162360,actor,0000513
0155975,actor,0000513
0132347,actor,0000513
0763304,actor,0000513
0472050,actor,0000513
0113862,actor,0000513
0388795,actor,0931329
0120694,actor,0931329
0383028,actor,0931329
1655420,actor,0931329
0179116,actor,0931329
0800240,actor,0931329
0144168,actor,0931329
1130884,actor,0931329
1623205,actor,0931329
0373024,actor,0931329
1038043,actor,0931329
0141907,actor,0000886
0118798,actor,0000886
0117723,actor,0001164
0472126,actor,0001164
0113321,actor,0001164
0882969,actor,0001164
0117247,actor,0001164
0791304,actor,0005031
1798243,actor,0005031
0119488,actor,0000342
0416508,actor,0000342
0436697,actor,0000342
0144214,actor,0000342
0164184,actor,0000342
0166813,actor,0000342
1655442,actor,0000342
0343818,actor,0000342
0112431,actor,0000342
0186566,actor,0000342
0120689,actor,0000342
0454841,actor,0000599
0118771,actor,0000599
0119081,actor,0000599
0120633,actor,0000599
0119506,actor,0000599
0415965,actor,0000349
0113986,actor,0000349
0150216,actor,0000349
0884224,actor,0000349
0436331,actor,0000349
0435761,actor,0000349
0163187,actor,0000349
0844993,actor,0000349
1305591,actor,0000349
0117102,actor,0000349
0120151,actor,0000349
0350028,actor,0000349
0332379,actor,0000349
0119360,actor,0000349
0119229,actor,0000349
0371606,actor,0000349
0198021,actor,0000349
0396652,actor,0000349
0846308,actor,0000349
1093908,actor,0000349
0137363,actor,0000349
0120363,actor,0000349
2084970,actor,1212722
0454776,actor,1212722
1837703,actor,1212722
1867093,actor,0000168
0315297,actor,0000168
0399327,actor,0000168
0120184,actor,0000168
1843866,actor,0000168
1121977,actor,0000168
0113089,actor,0000168
0264395,actor,0000168
0160797,actor,0000168
0119080,actor,0000168
0295701,actor,0000168
0121765,actor,0000168
0317705,actor,0000168
0116908,actor,0000168
0831887,actor,0000168
0120768,actor,0000168
0162650,actor,0000168
0112864,actor,0000168
0217869,actor,0000168
1321511,actor,0000168
0227984,actor,0000168
0329774,actor,0000168
0117913,actor,0000168
2802144,actor,0000168
0763840,actor,0000168
0462200,actor,0000168
0182000,actor,0000168
0416185,actor,0000168
0417148,actor,0000168
1860353,actor,0000168
0947802,actor,0000168
1228705,actor,0000168
0113552,actor,0000168
0149261,actor,0000168
0119256,actor,0000168
0349260,actor,0000168
0118531,actor,0000168
0450385,actor,0000168
0257076,actor,0000168
0349467,actor,0000168
0264472,actor,0000168
1111948,actor,0000168
0489099,actor,0000168
0292610,actor,0000168
0393162,actor,0000168
0119396,actor,0000168
1853728,actor,0000168
1223236,actor,0000168
0458339,actor,0000168
2404311,actor,0000169
0120873,actor,0000169
1172991,actor,0000169
0478134,actor,0000169
1535438,actor,0000169
0119654,actor,0000169
0186566,actor,0000169
0458339,actor,0000169
0120912,actor,0000169
0269347,actor,0000169
1409024,actor,0000169
0338188,actor,0000169
2398231,actor,0000169
0420087,actor,0000169
0477348,actor,0000169
0419294,actor,0000169
0150377,actor,0000169
0120461,actor,0000169
0331933,actor,0000169
0112462,actor,0000169
0160797,actor,0000169
1599348,actor,0000243
0368008,actor,0000243
0454848,actor,0000243
0112740,actor,0000243
0174856,actor,0000243
0139654,actor,0000243
0124718,actor,0000243
1907668,actor,0000243
1111422,actor,0000243
0114857,actor,0000243
0427309,actor,0000243
0168786,actor,0000243
0477080,actor,0000243
0313443,actor,0000243
0145681,actor,0000243
0453467,actor,0000243
1037705,actor,0000243
0251160,actor,0000243
0765429,actor,0000243
0328107,actor,0000243
0117372,actor,0000243
0119099,actor,0000243
0115956,actor,0000243
1272878,actor,0000243
0455944,actor,0000243
0112857,actor,0000243
0210945,actor,0000243
0133952,actor,0000243
0120188,actor,0000242
0116287,actor,0000242
0317740,actor,0000242
0467197,actor,0000242
1091191,actor,0000242
1279935,actor,0000242
2039393,actor,0000242
0118749,actor,0000242
0133152,actor,0000242
0177971,actor,0000242
1272878,actor,0000242
0949731,actor,0000242
0445990,actor,0000242
0964517,actor,0000242
0138946,actor,0000242
0822854,actor,0000242
1980209,actor,0000242
1235522,actor,0000242
1524137,actor,0000242
1637725,actor,0000242
1386588,actor,0000242
0120609,actor,0000242
0142192,actor,0000242
0270707,actor,0000242
0407887,actor,0000242
2109248,actor,0000242
0380510,actor,0000242
0202470,actor,0000242
0430105,actor,0000242
0498399,actor,0000242
0120889,actor,0000245
0129290,actor,0000245
0366548,actor,0000245
0449089,actor,0000245
0113497,actor,0000245
0372334,actor,0000245
0182789,actor,0000245
0762114,actor,0000245
2692250,actor,0000245
0119137,actor,0000245
0119217,actor,0000245
0278504,actor,0000245
0426931,actor,0000245
0483726,actor,0000245
0119109,actor,0000245
0266452,actor,0000245
1078912,actor,0000245
0265459,actor,0000245
1262981,actor,0000245
0448075,actor,0000245
0120716,actor,0000245
1839642,actor,0000245
0976025,actor,0000245
0115685,actor,0000245
0116669,actor,0000245
0976238,actor,0000245
0368447,actor,0000244
0125022,actor,0000244
0308353,actor,0000244
0177650,actor,0000244
1640548,actor,0000244
0112722,actor,0000244
0373024,actor,0000244
1748179,actor,0000244
0871426,actor,0000244
0118583,actor,0000244
0177789,actor,0000244
0119349,actor,0000244
0420609,actor,0000244
0499549,actor,0000244
1366365,actor,0000244
0311289,actor,0000244
0473709,actor,0000244
1414382,actor,0000244
0139668,actor,0000249
0119282,actor,0000249
0116410,actor,0000249
0146838,actor,0000249
0112641,actor,0000249
0119457,actor,0000249
0200027,actor,0000249
0999913,actor,0000249
0159097,actor,0000249
0127722,actor,0000249
0423294,actor,0000249
0381505,actor,0000249
0322659,actor,0000249
0120877,actor,0000249
2191701,actor,0000161
0119141,actor,0000161
0112851,actor,0000161
0120577,actor,0000161
0441774,actor,0000161
0120891,actor,0000161
0448694,actor,0000161
1375670,actor,0000161
1430626,actor,0000161
1648179,actor,0000161
0450405,actor,0000161
0220100,actor,0000161
0367479,actor,0000161
0384814,actor,0000161
0285823,actor,0000161
0120679,actor,0000161
1302011,actor,0000163
0179098,actor,0000163
0308644,actor,0000163
0120885,actor,0000163
0396171,actor,0000163
0356721,actor,0000163
0313542,actor,0000163
0120184,actor,0000163
0441773,actor,0000163
0420223,actor,0000163
0310910,actor,0000163
0420238,actor,0000163
0114069,actor,0000163
0290002,actor,0000163
0457419,actor,0000163
0970866,actor,0000163
0119592,actor,0000163
0035423,actor,0413168
1326954,actor,0413168
0366548,actor,0413168
0414993,actor,0413168
0433035,actor,0413168
1446192,actor,0413168
0424095,actor,0413168
0376994,actor,0413168
0458525,actor,0413168
0482571,actor,0413168
1392214,actor,0413168
0244970,actor,0413168
1707386,actor,0413168
0290334,actor,0413168
0800240,actor,0413168
0338526,actor,0413168
0455824,actor,0413168
1877832,actor,0413168
0457513,actor,0413168
1430132,actor,0413168
0120903,actor,0413168
0244244,actor,0413168
1596346,actor,0000166
0455805,actor,0000166
0117998,actor,0000166
0162222,actor,0000166
0205271,actor,0000166
0113552,actor,0000166
0207201,actor,0000166
0223897,actor,0000166
0119822,actor,0000166
1464191,actor,0000166
0119937,actor,0001467
0790636,actor,0001467
0146336,actor,0001467
0485947,actor,0001467
0180093,actor,0001467
0258000,actor,0001467
0441774,actor,0001467
0399295,actor,0001467
0255819,actor,0378245
0410097,actor,0378245
1582271,actor,0378245
2011159,actor,0378245
1279935,actor,0378245
1385912,actor,0378245
0795438,actor,0378245
1155076,actor,0378245
1274300,actor,0428065
2980516,actor,0428065
0183523,actor,0000641
0115495,actor,0000641
0400717,actor,0000641
0315824,actor,0000641
0120832,actor,0000641
0112384,actor,0000641
0184858,actor,0000641
0308383,actor,0000641
0117438,actor,0000641
0160399,actor,0000641
0117071,actor,0000330
0141399,actor,0000330
0118055,actor,0000330
0120791,actor,0000330
0198021,actor,0000330
0119594,actor,0000330
0227445,actor,0000008
0145937,actor,0000008
0116654,actor,0000008
0468569,actor,0000323
0115710,actor,0000323
1289406,actor,0000323
1397514,actor,0000323
0124315,actor,0000323
0206634,actor,0000323
1216475,actor,0000323
0384680,actor,0000323
0780516,actor,0000323
0327137,actor,0000323
0180073,actor,0000323
0372784,actor,0000323
0340376,actor,0000323
0482571,actor,0000323
0374536,actor,0000323
0377981,actor,0000323
0253200,actor,0000323
0258068,actor,0000323
0212346,actor,0000323
0278731,actor,0001669
0419256,actor,0001669
0486583,actor,0001669
0162661,actor,0001669
0962736,actor,0001669
0337697,actor,0001669
0208988,actor,0001669
0293508,actor,0001669
0116240,actor,0001669
0116745,actor,0001669
0160429,actor,0001669
0817230,actor,0004266
0758752,actor,0004266
0449487,actor,0004266
0901476,actor,0004266
1084950,actor,0004266
0458352,actor,0004266
1563738,actor,0004266
0368933,actor,0004266
2182972,actor,0004266
0816692,actor,0004266
0247638,actor,0004266
1707386,actor,0004266
1345836,actor,0004266
0416508,actor,0004266
1436562,actor,0004266
0425061,actor,0004266
1014759,actor,0004266
2357291,actor,0004266
0327679,actor,0004266
0443536,actor,0004266
0250371,actor,0004266
0951216,actor,0001451
0427327,actor,0001451
0408985,actor,0001451
1710396,actor,0001451
0305669,actor,0001451
0316732,actor,0001451
0145681,actor,0001451
0117603,actor,0001451
0120722,actor,0001451
0841032,actor,0001451
0388500,actor,0001451
1080016,actor,0001451
0416212,actor,0001451
1407061,actor,0001451
1596365,actor,0005216
0331525,actor,0005216
0210299,actor,0005216
0410764,actor,0005216
2310332,actor,0005212
0376994,actor,0005212
0120684,actor,0005212
0486655,actor,0005212
0120737,actor,0005212
0118636,actor,0005212
0903624,actor,0005212
0382625,actor,0005212
0424095,actor,0005212
0120903,actor,0005212
1877832,actor,0005212
0290334,actor,0005212
0114279,actor,0005212
1170358,actor,0005212
0167261,actor,0005212
0167260,actor,0005212
1229238,actor,0719637
0887912,actor,0719637
1951181,actor,0719637
0395972,actor,0719637
1800241,actor,0719637
0840361,actor,0719637
1428538,actor,0719637
1194173,actor,0719637
1216491,actor,0719637
0146316,actor,0001401
0346491,actor,0001401
0346156,actor,0001401
0325703,actor,0001401
0172493,actor,0001401
0829459,actor,0001401
0441773,actor,0001401
0493464,actor,0001401
0120797,actor,0001401
0442933,actor,0001401
0356910,actor,0001401
1243957,actor,0001401
0824747,actor,0001401
0145681,actor,0001401
1302011,actor,0001401
0294357,actor,0001401
0119906,actor,0001401
0145734,actor,0001401
0129136,actor,0001401
0307453,actor,0001401
0218922,actor,0001401
0282687,actor,0001401
0187078,actor,0001401
0944835,actor,0001401
0343737,actor,0001401
0364045,actor,0001401
1587310,actor,0001401
0340376,actor,0842770
0903627,actor,0842770
1242460,actor,0842770
0363771,actor,0842770
0250323,actor,0842770
1714915,actor,0842770
1706620,actor,0842770
1748122,actor,0842770
0289635,actor,0842770
0318761,actor,0842770
0421715,actor,0842770
0360486,actor,0842770
0465538,actor,0842770
0268126,actor,0842770
0887883,actor,0842770
0413300,actor,0290556
1245492,actor,0290556
0269095,actor,0290556
1542344,actor,0290556
1945062,actor,0290556
0417433,actor,0290556
2788710,actor,0290556
0462219,actor,0290556
0316654,actor,0290556
0335013,actor,0290556
1623205,actor,0290556
2101441,actor,0290556
2312718,actor,0290556
0375154,actor,0290556
1013753,actor,0290556
1491044,actor,0290556
0454824,actor,0290556
1426329,actor,0290556
0478134,actor,0290556
0145487,actor,0290556
1318514,actor,0290556
1794943,actor,0290556
1049402,actor,0290556
0910936,actor,0290556
1240982,actor,0290556
0326905,actor,0290556
0113303,actor,0001441
1018830,actor,0001441
1628055,actor,0001441
0367882,actor,0000949
2334873,actor,0000949
0246677,actor,0000949
0122541,actor,0000949
0414055,actor,0000949
0312549,actor,0000949
0955308,actor,0000949
0362270,actor,0000949
1646971,actor,0000949
0338751,actor,0000949
2177771,actor,0000949
0465551,actor,0000949
0449467,actor,0000949
0134119,actor,0000949
0338188,actor,0000949
0993842,actor,0000949
0120797,actor,0000949
0368794,actor,0000949
0219699,actor,0000949
1661199,actor,0000949
0219965,actor,0000949
0127536,actor,0000949
0119859,actor,0000949
0452624,actor,0000949
0120824,actor,0000949
0421715,actor,0000949
2510028,actor,0001496
0113492,actor,0001884
0181689,actor,0001884
0293564,actor,0001884
1130884,actor,0001884
0955308,actor,0001884
0120889,actor,0001884
0120834,actor,0001884
0970411,actor,1519680
0783233,actor,1519680
0472071,actor,1519680
1023114,actor,1519680
1517260,actor,1519680
1531901,actor,1519680
0993842,actor,1519680
0380510,actor,1519680
0119746,actor,0001702
1870529,actor,0001609
0138279,actor,0001609
0138749,actor,0001609
0122541,actor,0000378
0285861,actor,0000378
0117665,actor,0000378
3125324,actor,0000378
0479140,actor,0000378
1220220,actor,0000378
0120855,actor,0000378
0293508,actor,0000378
0119229,actor,0000378
0120696,actor,0000378
0253126,actor,0000378
0119217,actor,0000378
0122459,actor,0000378
0210567,actor,0000378
0264464,actor,0000138
0114214,actor,0000138
0338751,actor,0000138
0407887,actor,0000138
1343092,actor,0000138
0163978,actor,0000138
0120338,actor,0000138
0116999,actor,0000138
0117509,actor,0000138
0217505,actor,0000138
1375666,actor,0000138
0959337,actor,0000138
0993846,actor,0000138
0450259,actor,0000138
0120533,actor,0000138
0758774,actor,0000138
0120744,actor,0000138
1616195,actor,0000138
1130884,actor,0000138
1853728,actor,0000138
0778661,actor,0001283
0765460,actor,0001283
0118744,actor,0001448
0409379,actor,0001448
0120323,actor,0001448
0319061,actor,0001448
2039393,actor,0001448
0412019,actor,0001448
0377800,actor,0001448
0120866,actor,0001448
0114287,actor,0001448
1606389,actor,0001448
0113691,actor,0001448
0116269,actor,0000333
1126591,actor,0000333
0120857,actor,0000333
0785006,actor,0000332
0988047,actor,0000332
0796368,actor,0000332
0244244,actor,0000332
0120780,actor,0000332
0252684,actor,0000332
1228705,actor,0000332
0375679,actor,0000332
0490204,actor,0000332
0367479,actor,0000332
1210042,actor,0000332
0120461,actor,0000332
0218967,actor,0000332
1300854,actor,0000332
0120036,actor,0000332
1540133,actor,0000332
0183523,actor,0000332
0112857,actor,0000332
0395169,actor,0000332
1907668,actor,0000332
0844993,actor,0000335
0118571,actor,0000335
0126250,actor,0000335
0120855,actor,0000335
1602098,actor,0000335
0382073,actor,0000335
0327162,actor,0000335
0406650,actor,0000335
0119859,actor,0000335
0211181,actor,0000335
0443536,actor,0000335
0115433,actor,0000335
0116996,actor,0000335
0281373,actor,0000336
0117218,actor,0000336
0198781,actor,0000336
0265307,actor,0000336
0118564,actor,0000336
0116213,actor,0000336
0124595,actor,0267812
0945513,actor,0267812
1457767,actor,0267812
1599348,actor,0267812
1073241,actor,0267812
1872194,actor,0267812
1562568,actor,0267812
0808331,actor,0267812
1220888,actor,0267812
0404390,actor,0267812
0174480,actor,0267812
0914798,actor,0267812
1148204,actor,0267812
1193138,actor,0267812
0817544,actor,0267812
0115571,actor,0001080
0119937,actor,0001080
0113419,actor,0001080
0298798,actor,0001080
0469623,actor,0001125
0120669,actor,0001125
0208092,actor,0001125
0269347,actor,0001125
0119086,actor,0001125
0116277,actor,0001125
0237572,actor,0001125
0114814,actor,0001125
0202677,actor,0001125
0115632,actor,0001125
0780653,actor,0001125
0315733,actor,0001125
0892255,actor,0001125
0181865,actor,0001125
2210834,actor,0001125
2103254,actor,0565250
2404463,actor,0565250
2024432,actor,0565250
2170593,actor,0565250
0289765,actor,0001833
0272338,actor,0001833
2404181,actor,0001833
0150915,actor,0001833
1568911,actor,0001833
0816442,actor,0001833
1127877,actor,0001833
0121164,actor,0001833
0162711,actor,0001833
0145653,actor,0001833
0238380,actor,0001833
0421238,actor,0001833
0961108,actor,0001833
0482546,actor,0001833
0760329,actor,0001833
0419256,actor,0001833
1125929,actor,0000545
0118901,actor,0000545
1821694,actor,0000545
0473705,actor,0000545
2980648,actor,0000545
0436697,actor,0000545
1226753,actor,0000545
0465234,actor,0000545
1274300,actor,0000545
0824758,actor,0000545
1453405,actor,0000545
1245526,actor,0000545
0337909,actor,0000545
0253200,actor,0000545
1334512,actor,0000545
2404425,actor,0000545
0133046,actor,0000545
0975645,actor,0000545
0203540,actor,0000545
0117107,actor,0000429
0127722,actor,0000429
0114011,actor,0000429
0142201,actor,0000429
0120533,actor,0000429
0119558,actor,0000429
0173716,actor,0000429
0455805,actor,0000541
0327162,actor,0000541
0141399,actor,0000541
0116313,actor,0000541
0186045,actor,0000541
1287468,actor,0000541
0120318,actor,0000541
1047540,actor,0000541
0115857,actor,0001838
0313542,actor,0001838
0209163,actor,0001838
1462041,actor,0001838
0380510,actor,0001838
0120616,actor,0001838
0326856,actor,0001838
0387131,actor,0001838
0360486,actor,0001838
0215750,actor,0001838
0896872,actor,0001838
0832266,actor,0001838
1623205,actor,0001838
0844286,actor,0001838
0310910,actor,0001838
0486583,actor,0001838
0308878,actor,0001838
1194173,actor,0001838
0414993,actor,0001838
1245492,actor,1706767
1226229,actor,1706767
1210166,actor,1706767
1201167,actor,1706767
0829482,actor,1706767
1058017,actor,1706767
1001526,actor,1706767
1232829,actor,1706767
1298649,actor,1706767
1336617,actor,1706767
0489282,actor,1706767
1366344,actor,1706767
0892769,actor,1706767
0384793,actor,1706767
0993846,actor,1706767
2294449,actor,1706767
0485985,actor,0000421
0114069,actor,0000421
1041753,actor,0000421
0163579,actor,0000421
0116695,actor,0000421
0316465,actor,0000421
0128278,actor,0000421
0250687,actor,0000421
0285462,actor,0000421
0113691,actor,0000421
0119822,actor,0000421
0439876,actor,0000421
1630564,actor,0000421
0281373,actor,0000421
0203019,actor,0000421
0462244,actor,0000421
0299172,actor,0000421
0191133,actor,0000421
0120889,actor,0000421
1911644,actor,0000932
1371111,actor,0000932
0118798,actor,0000932
0376994,actor,0000932
0469623,actor,0000932
1221208,actor,0000932
0285742,actor,0000932
1877832,actor,0000932
0118663,actor,0000932
0113691,actor,0000932
0123324,actor,0000932
0244244,actor,0000932
0457433,actor,0000932
0358082,actor,0000932
0348836,actor,0000932
0327554,actor,0000932
0116253,actor,0000932
0246460,actor,0000932
0290334,actor,0000932
1411238,actor,0000204
1981115,actor,0000204
0765010,actor,0000204
1240982,actor,0000204
1403177,actor,0000204
0947798,actor,0000204
0198021,actor,0000204
0765120,actor,0000204
0121765,actor,0000204
0467200,actor,0000204
0121766,actor,0000204
0149691,actor,0000204
0376541,actor,0000204
0808399,actor,0000204
0457419,actor,0000204
0455957,actor,0000204
0333766,actor,0000204
0441761,actor,0000204
0434409,actor,0000204
0120915,actor,0000204
0800369,actor,0000204
1179258,actor,0000201
0160916,actor,0000201
0120323,actor,0000201
0117247,actor,0000201
0283139,actor,0000201
1716777,actor,0000201
0112792,actor,0000201
0118055,actor,0000201
1598822,actor,0000201
0120794,actor,0000201
0120646,actor,0000201
0161081,actor,0000201
0277027,actor,0000201
1077368,actor,0000201
0140379,actor,0000201
0427327,actor,0000201
2404311,actor,0000201
0165982,actor,0000201
0808279,actor,0000619
0113101,actor,0000619
0219952,actor,0000619
0114287,actor,0000619
0481797,actor,0000619
0119225,actor,0000619
0119311,actor,0000619
0246544,actor,0000619
0800080,actor,0000619
1020072,actor,0000619
1764183,actor,0000619
0190861,actor,0000619
0377800,actor,0000619
0133152,actor,0000619
0273108,actor,0000619
0382628,actor,0000619
0116508,actor,0000616
1320253,actor,0000616
0271668,actor,0000616
0157913,actor,0000616
0137363,actor,0000209
0406375,actor,0000209
0981072,actor,0000209
0270707,actor,0000209
1133985,actor,0000209
0218817,actor,0000209
0437232,actor,0000209
0970411,actor,0000209
0430576,actor,0000209
0183523,actor,0000209
0345061,actor,0000209
0327056,actor,0000209
0119807,actor,0000209
0407304,actor,0000209
0119396,actor,0001233
0134983,actor,0001233
1278379,actor,0752407
1105512,actor,0752407
0824747,actor,0752407
1211956,actor,0752407
0443680,actor,0000729
0114681,actor,0000729
1623288,actor,0000729
0218619,actor,0000729
1206543,actor,0000729
0434139,actor,0000729
0126261,actor,0000729
0471042,actor,0000729
0186045,actor,0000729
0137338,actor,0000729
0954947,actor,0000729
1356864,actor,0000729
0302674,actor,0000729
0144142,actor,0000729
0452623,actor,0000729
0119709,actor,0000685
0482572,actor,0000685
0113277,actor,0000685
0119978,actor,0000685
0369436,actor,0000685
0120036,actor,0000685
0465234,actor,0000685
0368891,actor,0000685
0385726,actor,0000685
0248667,actor,0000685
0120660,actor,0000685
0146316,actor,0000685
0160216,actor,0000685
0117060,actor,0000685
0473700,actor,0000685
0139699,actor,0000685
0120399,actor,0000685
0311289,actor,0000685
2167202,actor,0000685
0118615,actor,0000685
0270846,actor,0000685
0326856,actor,0000686
0396269,actor,0000686
0257568,actor,0000686
0328107,actor,0000686
0116830,actor,0000686
0120241,actor,0000686
0114660,actor,0000686
0245686,actor,0000686
0264464,actor,0000686
0116378,actor,0000686
0327162,actor,0000686
0327850,actor,0000686
0114194,actor,0000686
1416801,actor,0000686
0817545,actor,0000686
0389860,actor,0000686
0483726,actor,0000686
0424823,actor,0000686
0124298,actor,0000686
1742044,actor,0000686
0427327,actor,0000686
1389096,actor,0000686
1690455,actor,0000686
0119086,actor,0000686
0384929,actor,0165101
0145893,actor,0165101
0481141,actor,0165101
0804505,actor,0165101
0299458,actor,0165101
0497465,actor,0165101
0433383,actor,0165101
0297884,actor,0165101
1632708,actor,0165101
0349825,actor,0165101
1563738,actor,0165101
1365483,actor,0165101
1563704,actor,0165101
0237572,actor,0165101
0974554,actor,0165101
0348836,actor,0004851
0436339,actor,0004851
1298650,actor,0004851
0149624,actor,0004851
0259711,actor,0004851
0206420,actor,0004851
0875034,actor,0004851
0318649,actor,0004851
0238112,actor,0004851
0221027,actor,0004851
0484111,actor,0004851
2193215,actor,0004851
0974554,actor,0004851
0207524,actor,0000110
0138749,actor,0000110
0985699,actor,0000110
1655420,actor,0000110
0116477,actor,0000110
0114057,actor,0000110
0120891,actor,0000110
0182295,actor,0000110
0120533,actor,0000110
0119196,actor,0000110
1205537,actor,0000110
0120108,actor,0000110
0114924,actor,0000113
0120794,actor,0000113
0212346,actor,0000113
0117913,actor,0000113
0477302,actor,0000113
0878804,actor,0000113
0119313,actor,0000113
0279778,actor,0000113
0120179,actor,0000113
0120791,actor,0000113
1041829,actor,0000113
0171356,actor,0000113
0113957,actor,0000113
0313737,actor,0000113
2404463,actor,0000113
0191754,actor,0000113
0410297,actor,0000113
0385307,actor,0000113
0141098,actor,0000113
0420609,actor,0000113
0264935,actor,0000113
0375679,actor,0000113
0477071,actor,0000113
1454468,actor,0000113
0881891,actor,0000113
1502404,actor,0000115
0384680,actor,0000115
1071875,actor,0000115
0399295,actor,0000115
2467046,actor,0000115
0119094,actor,0000115
0245562,actor,0000115
0814022,actor,0000115
0187078,actor,0000115
1656186,actor,0000115
0163988,actor,0000115
0218967,actor,0000115
0479997,actor,0000115
0429589,actor,0000115
1095217,actor,0000115
1250777,actor,0000115
0325805,actor,0000115
0963966,actor,0000115
0469641,actor,0000115
0268126,actor,0000115
2382396,actor,0000115
0435705,actor,0000115
0117500,actor,0000115
0120632,actor,0000115
0481499,actor,0000115
0238112,actor,0000115
1214962,actor,0000115
0113552,actor,0000115
0375568,actor,0000115
0118880,actor,0000115
1674784,actor,0000115
0259324,actor,0000115
0368891,actor,0000115
0465234,actor,0000115
0120832,actor,0000115
0134273,actor,0000115
0450345,actor,0000115
0448011,actor,0000115
0113627,actor,0000115
0118055,actor,0625075
0119594,actor,0000056
0139462,actor,0000056
0149367,actor,0000056
0317219,actor,0000056
0301199,actor,0645683
0415965,actor,0645683
1815862,actor,0645683
0457495,actor,0645683
0395169,actor,0645683
0416212,actor,0645683
2042568,actor,1659547
1174732,actor,1659547
1027718,actor,1659547
1334260,actor,1659547
1343092,actor,1659547
1226232,actor,1659547
0780504,actor,1659547
1723811,actor,1659547
0414387,actor,1659547
0236784,actor,0001691
0325980,actor,0001691
1298650,actor,0001691
0414055,actor,0001691
0816442,actor,0001691
0127536,actor,0001691
1504320,actor,0001691
0120679,actor,0001691
0326664,actor,0001691
0185371,actor,0001691
0138524,actor,0001691
0138097,actor,0001691
0280460,actor,0001691
0180073,actor,0001691
0449088,actor,0001691
1274300,actor,0002018
0929632,actor,2829737
1277737,actor,0013037
0404032,actor,0013037
1462769,actor,0013037
2752688,actor,0013037
0762121,actor,0013037
2357291,actor,0251986
0367089,actor,0251986
0257516,actor,0251986
1285016,actor,0251986
0783515,actor,0251986
1091722,actor,0251986
1622547,actor,0251986
0455782,actor,0251986
1294213,actor,0251986
1156398,actor,0251986
1670345,actor,0251986
1436562,actor,0251986
0119142,actor,0503627
0808526,actor,0503627
1018830,actor,0503627
0285861,actor,0000457
0462465,actor,0000457
1253864,actor,0000457
0488604,actor,0000457
1267297,actor,0000457
1706620,actor,0000457
0397101,actor,0000457
1340800,actor,0000457
0160484,actor,0000457
1714915,actor,0000457
0167190,actor,0000457
0434409,actor,0000457
0114938,actor,0000457
0114287,actor,0000457
0238112,actor,0000457
0120584,actor,0000457
0409459,actor,0355097
0404203,actor,0355097
1234721,actor,0355097
1077368,actor,0355097
1179056,actor,0355097
0273435,actor,0001626
0140352,actor,0001626
0454848,actor,0001626
1532503,actor,0001626
1054606,actor,0001626
0268978,actor,0001626
0377992,actor,0001626
0365737,actor,0001626
0417001,actor,0001626
0219653,actor,0001626
1568346,actor,0001626
0402399,actor,0001626
0309912,actor,0001626
0472033,actor,0001626
0824758,actor,0001626
0410297,actor,0001626
0264472,actor,0001628
0465538,actor,0001628
0120663,actor,0001628
0312549,actor,0002084
0117071,actor,0002084
0308129,actor,0002084
0331525,actor,0002084
0203230,actor,0001473
0117381,actor,0001473
0489237,actor,0001473
0483726,actor,0001473
0367089,actor,0001473
0362269,actor,0001473
0112715,actor,0001473
0775529,actor,0001473
0401997,actor,0001473
0265349,actor,0001473
0289992,actor,0001473
0404032,actor,0001473
0120382,actor,0001473
0118548,actor,0001473
1216492,actor,0001475
0126029,actor,0001475
2639344,actor,0001475
0816692,actor,0001475
0800080,actor,0001570
0128442,actor,0001570
1151359,actor,0001570
0307901,actor,0001570
1748122,actor,0001570
0482572,actor,0001570
1596753,actor,0001570
0446755,actor,0001570
0116242,actor,0001570
0443543,actor,0001570
0120586,actor,0001570
0266452,actor,0001570
0289765,actor,0001570
0117381,actor,0001570
0171433,actor,0001570
0117318,actor,0001570
0227445,actor,0001570
1194173,actor,0001570
1423995,actor,0001570
0398027,actor,0001570
0317740,actor,0001570
0137523,actor,0001570
0486674,actor,0000576
0120112,actor,0000576
0112818,actor,0000576
0315733,actor,0000576
0120399,actor,0000576
1321870,actor,0000576
0119336,actor,0000576
0373926,actor,0000576
0277027,actor,0000576
0210382,actor,0000576
0977855,actor,0000576
0120863,actor,0000576
1013753,actor,0000576
0273689,actor,0000576
0158371,actor,0000576
0327056,actor,0000576
1440345,actor,0000576
0405676,actor,0000576
0478304,actor,0000576
0119174,actor,0000576
0465538,actor,0001574
1152397,actor,0001574
0253200,actor,0183822
1441951,actor,0183822
0492044,actor,0000515
0479140,actor,0000515
0408345,actor,0000515
0116410,actor,0000515
0375063,actor,0000515
0469263,actor,0000515
0481369,actor,0000515
0114194,actor,0000515
1839654,actor,0000515
0181865,actor,0001876
0137494,actor,0001876
0349903,actor,0001876
0171363,actor,0001876
0362227,actor,0001876
0472071,actor,0001876
0481141,actor,0001876
0165982,actor,0001876
0386140,actor,0001876
1235522,actor,0001876
0120746,actor,0001876
0138524,actor,0001876
0117331,actor,0001876
0299658,actor,0001876
0265029,actor,0001876
0361841,actor,0000870
0817230,actor,0000870
0112368,actor,0000870
0120484,actor,0000870
0427229,actor,0000870
1142798,actor,0000870
0120338,actor,0000870
1440161,actor,0000870
0259288,actor,0000870
1605783,actor,0000870
2103254,actor,0000870
0970416,actor,0000870
0119942,actor,0000870
0116095,actor,0000870
1179258,actor,0000870
0356443,actor,0000870
0257360,actor,0000870
0120879,actor,0001057
0357054,actor,0001057
0274558,actor,0001057
0448075,actor,0001057
0276751,actor,0001057
0167404,actor,0001057
1727388,actor,0001057
0765447,actor,0001057
0388125,actor,0001057
0975645,actor,0001057
0264472,actor,0001057
0345074,actor,0001057
0449059,actor,0001057
0117283,actor,0001057
1438176,actor,0001057
0114148,actor,0001373
0120004,actor,0001373
1001540,actor,0000719
0356443,actor,0000719
0181536,actor,0000719
2278388,actor,0000719
0271582,actor,0000719
0116583,actor,0001371
0253200,actor,0001364
0427969,actor,0001364
0413015,actor,0001364
0363473,actor,0001364
0113987,actor,0001364
0215750,actor,0001364
0112453,actor,0001364
1371155,actor,0001364
0117582,actor,0001364
0117038,actor,0001364
0483607,actor,0001364
0342258,actor,0001364
0362270,actor,0001378
0479537,actor,0001378
0120631,actor,0001378
0112744,actor,0001378
1024715,actor,0001378
0433412,actor,0001378
0265666,actor,0001378
0200669,actor,0001378
0309377,actor,0001378
0114113,actor,0001378
1185416,actor,0001378
0317303,actor,0001378
1306980,actor,0001378
0901476,actor,0005028
0240510,actor,0005028
0491152,actor,0005028
2870708,actor,0005028
0126261,actor,0005028
0954947,actor,0005028
1046163,actor,0005028
0397101,actor,0005028
2032557,actor,0005028
1440161,actor,0005028
0176783,actor,0005028
0318283,actor,0005028
0181875,actor,0005028
0350028,actor,0005028
0770752,actor,0005028
0251127,actor,0005028
0463034,actor,0005028
1656192,actor,0005023
0388500,actor,0005023
0360486,actor,0005023
0465580,actor,0005023
0118607,actor,0005023
0326769,actor,0005023
1023111,actor,0005023
0450259,actor,0005023
0399201,actor,0005023
1274300,actor,0005023
0476964,actor,0005024
2101341,actor,0005024
1535970,actor,0005024
1082601,actor,0005024
0371746,actor,0005024
0410097,actor,0005024
0225071,actor,0005024
0211933,actor,0005024
1742334,actor,0005024
0455782,actor,0005024
0475355,actor,0005024
0485985,actor,0005024
1392214,actor,0005024
0251114,actor,0005024
0430105,actor,0005024
2170593,actor,0005024
0426931,actor,0005024
0208003,actor,0005024
0168501,actor,0005024
0417225,actor,0005024
0119313,actor,0001687
0808417,actor,0001687
0772157,actor,0001687
0145734,actor,0001687
0397101,actor,0001687
0125454,actor,0001687
0332280,actor,0001687
0114496,actor,0001687
0364045,actor,0001687
1078912,actor,0010736
0337692,actor,0010736
2083383,actor,0010736
1216492,actor,0010736
0964517,actor,0010736
0472062,actor,0010736
0918927,actor,0010736
1798709,actor,0010736
0372532,actor,0010736
0461770,actor,0010736
1800241,actor,0010736
1204342,actor,0010736
0360016,actor,0010736
1126590,actor,0010736
1560747,actor,0010736
1135503,actor,0010736
0770828,actor,0010736
0467110,actor,0010736
0862846,actor,0010736
0131369,actor,0000476
1142433,actor,0000474
1234721,actor,0000474
0967945,actor,0000474
0119396,actor,0000474
0141109,actor,0000474
0469689,actor,0000474
0400497,actor,0000474
1386588,actor,0000474
0361620,actor,0000474
0118966,actor,0000474
0117108,actor,0000474
0375210,actor,0000474
0443489,actor,1617685
0416212,actor,1617685
2113075,actor,1617685
1425922,actor,1617685
0116999,actor,0000473
0337741,actor,0000473
0141907,actor,0000473
0356680,actor,0000473
0123209,actor,0000473
2465146,actor,0000473
0113041,actor,0000473
0116313,actor,0000473
0951216,actor,0000473
0490084,actor,0000473
1931435,actor,0000473
0162983,actor,0000473
1730687,actor,0000473
1126618,actor,0000473
0422295,actor,0000375
0113321,actor,0000375
2395427,actor,0000375
0443706,actor,0000375
2883512,actor,0000375
0473488,actor,0000375
0185014,actor,0000375
0988045,actor,0000375
0942385,actor,0000375
0120873,actor,0000375
1872194,actor,0000375
1228705,actor,0000375
0165643,actor,0000375
0314676,actor,0000375
0848228,actor,0000375
0821642,actor,0000375
1300854,actor,0000375
0348836,actor,0000375
1515091,actor,0000375
0120710,actor,0000375
0114279,actor,0000375
0119196,actor,0000375
0373469,actor,0000375
0423977,actor,0000375
0119832,actor,0000375
0371746,actor,0000375
1231583,actor,0000375
0405296,actor,0000375
0114272,actor,0000375
0113862,actor,0000377
0116683,actor,0000377
0464154,actor,0000377
0246500,actor,0000377
0376890,actor,0000377
0409182,actor,0000377
0865559,actor,0000377
0198386,actor,0000377
0116953,actor,0000377
0472200,actor,0769311
0889595,actor,0769311
0113188,actor,0769311
0320244,actor,0769311
0120646,actor,0000155
1405500,actor,0000155
0430779,actor,0000155
0115580,actor,0000155
0763304,actor,0000155
0250687,actor,0000155
0116410,actor,0000155
0115725,actor,0000155
0120703,actor,0000155
0116168,actor,0000155
0112571,actor,0000155
0118883,actor,0000154
0120753,actor,0000154
2002718,actor,0000154
2333784,actor,0000154
1321860,actor,0000154
0277434,actor,0000154
0114148,actor,0000154
0314676,actor,0000154
1226273,actor,0000154
0187393,actor,0000154
0117438,actor,0000154
0122151,actor,0000154
0207201,actor,0000154
0112573,actor,0000154
0120630,actor,0000154
0120784,actor,0000154
0286106,actor,0000154
0800027,actor,0000151
0285531,actor,0000151
2978462,actor,0000151
0315824,actor,0000151
0304328,actor,0000151
2302755,actor,0000151
0114369,actor,0000151
0164334,actor,0000151
2872732,actor,0000151
1483013,actor,0000151
1839654,actor,0000151
0118607,actor,0000151
0825232,actor,0000151
1564349,actor,0000151
0115857,actor,0000151
0120696,actor,0000151
0164212,actor,0000151
0119468,actor,0000151
0114069,actor,0000151
0120647,actor,0000151
0315327,actor,0000151
0350261,actor,0000151
2209764,actor,0000151
0171580,actor,0000151
1204975,actor,0000151
0425210,actor,0000151
0257756,actor,0000151
0117071,actor,0000151
0164184,actor,0000151
1057500,actor,0000151
0452623,actor,0000151
0405159,actor,0000151
0413099,actor,0000151
0428803,actor,0000151
0342258,actor,0000151
1245526,actor,0000151
0493464,actor,0000151
1065073,actor,0000099
0112495,actor,0000099
0116324,actor,0000099
0185431,actor,0000099
0119219,actor,0000099
0145531,actor,0000099
0116922,actor,0000099
1817676,actor,0000099
0163988,actor,0000099
0117582,actor,0000099
0118789,actor,0000620
0458481,actor,0000620
0285823,actor,0000620
1125849,actor,0000620
1228705,actor,0000620
1253864,actor,0000620
0401792,actor,0000620
0283003,actor,0000620
0457495,actor,0000620
0421054,actor,0000620
0119013,actor,0000620
1396221,actor,0000620
0865554,actor,0000620
0472126,actor,0000090
0139809,actor,0000090
0765443,actor,0000090
0963178,actor,0000090
0808151,actor,0000158
0362227,actor,0000158
0338348,actor,0000158
0477302,actor,0000158
0117887,actor,0000158
0120815,actor,0000158
0112384,actor,0000158
0472062,actor,0000158
1535109,actor,0000158
0264464,actor,0000158
0120689,actor,0000158
0382625,actor,0000158
0435761,actor,0000158
2140373,actor,0000158
0335245,actor,0000158
0114709,actor,0000158
0162222,actor,0000158
1371111,actor,0000158
1583420,actor,0000158
0257044,actor,0000158
0128853,actor,0000158
0120363,actor,0000158
0460810,actor,0000158
0356910,actor,0000093
0114369,actor,0000093
1764234,actor,0000093
0117665,actor,0000093
0119643,actor,0000093
0496806,actor,0000093
0137523,actor,0000093
0236493,actor,0000093
0349903,actor,0000093
0165982,actor,0000093
0114746,actor,0000093
2713180,actor,0000093
0421715,actor,0000093
0361748,actor,0000093
0332452,actor,0000093
1210166,actor,0000093
1001526,actor,0000093
0120102,actor,0000093
0443680,actor,0000093
0887883,actor,0000093
0208092,actor,0000093
0240772,actor,0000093
0816711,actor,0000093
0449467,actor,0000093
0266987,actor,0000093
0118972,actor,0000093
0478304,actor,0000093
0405676,actor,0749263
1130884,actor,0749263
0844286,actor,0749263
0842926,actor,0749263
1670345,actor,0749263
0466893,actor,0749263
0369339,actor,0749263
1100089,actor,0749263
2395427,actor,0749263
0443706,actor,0749263
0245562,actor,0749263
0848228,actor,0749263
0831884,actor,0749263
0203230,actor,0749263
0314412,actor,0749263
0199626,actor,0749263
0861689,actor,0749263
0272020,actor,0749263
0264150,actor,0749263
0337563,actor,0749263
0361309,actor,0749263
0425123,actor,0749263
0398375,actor,0749263
1655460,actor,0000257
0109370,actor,0000257
0471042,actor,0000257
0416185,actor,0000257
1073241,actor,0000257
1054588,actor,0000257
0207201,actor,0000257
0119592,actor,0000257
0116095,actor,0000254
0310778,actor,0000254
0264472,actor,0000255
0119217,actor,0000255
0473705,actor,0000255
0338337,actor,0000255
0120655,actor,0000255
0427969,actor,0000255
0213149,actor,0000255
0300051,actor,0000255
0261392,actor,0000255
0141098,actor,0000255
0113749,actor,0000255
1024648,actor,0000255
0120591,actor,0000255
2267998,actor,0000255
0287978,actor,0000255
0252028,actor,0000255
0186894,actor,0000255
0299930,actor,0000255
0137338,actor,0000255
0184858,actor,0000255
1225822,actor,0000255
0840361,actor,0000255
1172991,actor,0000255
2364841,actor,0000255
0361596,actor,0000255
0164184,actor,0000255
0307453,actor,0000250
0171580,actor,0000250
0482546,actor,0000250
0309530,actor,0000250
0352248,actor,0000250
0299658,actor,0000250
0317198,actor,0000250
1095174,actor,0000250
0389790,actor,0000250
0243155,actor,0000250
0116695,actor,0000250
1185431,actor,0000250
0800308,actor,0000250
0120596,actor,0000250
0118163,actor,0000250
0159365,actor,0000250
0283139,actor,0000250
0379865,actor,0000250
0120776,actor,0000250
0183505,actor,0000250
0795351,actor,0000250
0239949,actor,0000398
0443272,actor,0000398
0116260,actor,0000398
0333780,actor,0000398
0448166,actor,0000398
0116552,actor,0000398
0283084,actor,0000651
1194263,actor,0000651
0113211,actor,0000651
0369436,actor,0000651
0429573,actor,0000651
0875705,actor,0000651
0118564,actor,0000651
0124298,actor,0000651
0247425,actor,0000651
0377109,actor,0000651
0166896,actor,0000651
0164085,actor,0000657
0433383,actor,0000657
0440963,actor,0000657
0443272,actor,0000657
0896872,actor,0000657
0416236,actor,0000657
0124879,actor,0000657
0488120,actor,0000657
1049402,actor,0000657
0758794,actor,0000657
0113691,actor,0000657
0216799,actor,0000657
0815245,actor,0000657
1274300,actor,0000657
0315297,actor,0000657
0339291,actor,0000658
1322269,actor,0000658
0918927,actor,0000658
2180411,actor,0000658
0116999,actor,0000658
0458352,actor,0000658
0387514,actor,0000658
0795421,actor,0000658
1535438,actor,0000658
0112579,actor,0000658
0268126,actor,0000658
0891527,actor,0000658
0115645,actor,0000658
0120776,actor,0000658
0435651,actor,0000658
1135503,actor,0000658
0804522,actor,0000658
1007029,actor,0000658
1230414,actor,0000658
0274558,actor,0000658
0432283,actor,0000658
0368008,actor,0000658
0429589,actor,0000658
0420087,actor,0000658
0166943,actor,0000658
0970866,actor,0000659
0117057,actor,0000659
1694020,actor,0000659
0290002,actor,0000659
